Maria,F,5324
Leonor,F,1999
João,M,1932
Matilde,F,1889
Martim,M,1778
Rodrigo,M,1666
Santiago,M,1632
Francisco,M,1593
Afonso,M,1439
Tomás,M,1409
Miguel,M,1271
Beatriz,F,1268
Carolina,F,1228
Mariana,F,1205
Guilherme,M,1187
Gabriel,M,1143
Duarte,M,1127
Gonçalo,M,1106
Pedro,M,1065
Ana,F,1060
Tiago,M,1039
Rafael,M,1033
Inês,F,1001
Diogo,M,999
Lourenço,M,993
Margarida,F,989
Lucas,M,951
Sofia,F,950
Lara,F,916
Dinis,M,912
Salvador,M,890
Laura,F,815
Vicente,M,789
Gustavo,M,776
Francisca,F,755
Simão,M,752
José,M,672
Joana,F,671
David,M,660
Alice,F,623
Clara,F,600
Diego,M,584
Daniel,M,574
Diana,F,574
Luana,F,557
Mateus,M,541
Madalena,F,539
André,M,529
Mafalda,F,512
António,M,499
Bianca,F,494
Manuel,M,493
Mara,F,491
Constança,F,483
Henrique,M,474
Sara,F,467
Íris,F,462
Vasco,M,460
Leonardo,M,414
Camila,F,409
Rita,F,396
Benedita,F,393
Eva,F,385
Bernardo,M,379
Letícia,F,378
Carlota,F,373
Luís,M,368
Gabriela,F,354
Enzo,M,346
Eduardo,M,334
Catarina,F,322
Vitória,F,319
Yara,F,305
Ema,F,298
Ariana,F,275
Leandro,M,248
Yasmin,F,243
Alexandre,M,240
Matias,M,239
Luísa,F,235
Marta,F,232
Rúben,M,212
Ricardo,M,210
Isaac,M,208
Xavier,M,200
Filipe,M,197
Samuel,M,191
Rafaela,F,191
Miriam,F,188
Alícia,F,185
Victória,F,183
Núria,F,178
Carminho,F,176
Bruno,M,173
Iara,F,173
Melissa,F,170
Helena,F,169
Nicole,F,168
Filipa,F,161
Júlia,F,160
Bruna,F,154
Daniela,F,154
Carlos,M,148
Nuno,M,146
Isabel,F,144
Teresa,F,143
Lia,F,140
Valentina,F,136
Hugo,M,129
Kyara,F,129
Raquel,F,128
Artur,M,127
Bárbara,F,127
Rui,M,125
Jéssica,F,122
Érica,F,115
Sebastião,M,110
Noa,F,108
Frederico,M,106
Isis,F,102
Davi,M,100
Luna,F,99
Luena,F,94
Kelly,F,94
Juliana,F,93
Kevin,M,88
Jorge,M,87
Pilar,F,87
Paulo,M,85
Eduarda,F,84
Valentim,M,82
Mia,F,82
Fábio,M,79
Alexandra,F,78
Mário,M,77
Irina,F,77
Mélanie,F,75
Noah,M,74
Marco,M,74
Micael,M,73
Ivan,M,73
Ângelo,M,72
Kévim,M,69
Brian,M,67
Joaquim,M,67
Caetana,F,67
Soraia,F,64
Adriana,F,62
Isabela,F,62
Lorena,F,60
Cristiano,M,59
Renato,M,57
Paloma,F,56
Naiara,F,55
Salomé,F,53
Olívia,F,52
Ivo,M,51
Tomé,M,51
Sérgio,M,51
Edgar,M,50
Luciana,F,50
Débora,F,49
Amélia,F,49
Jaime,M,48
Gil,M,47
Benjamim,M,47
Fabiana,F,47
Emília,F,47
Andreia,F,47
Emma,F,47
Lisandro,M,46
William,M,46
Joel,M,45
Fernando,M,45
Aurora,F,45
Petra,F,45
Nádia,F,44
Renata,F,44
Manel,M,43
César,M,43
Bryan,M,42
Tatiana,F,42
Luca,M,41
Sarah,F,41
Gaspar,M,39
Julieta,F,38
Ângela,F,37
Igor,M,36
Anita,F,35
Nair,F,35
Vítor,M,34
Dilan,M,34
Áurea,F,34
Flor,F,34
Cristiana,F,34
Emanuel,M,33
Isabella,F,33
Frederica,F,32
Dânia,F,32
Vera,F,32
Simone,F,32
Aline,F,32
Ester,F,32
Marcelo,M,31
Wilson,M,31
Safira,F,31
Bia,F,31
Patrícia,F,31
Mayara,F,31
Rosa,F,31
Sandro,M,30
Cláudio,M,30
Arthur,M,29
Martinho,M,29
Lorenzo,M,29
Alex,M,29
Verónica,F,29
Maiara,F,29
Cláudia,F,29
Yuri,M,28
Nelson,M,28
Denis,M,28
Iris,F,28
Liliana,F,28
Eric,M,27
Romeu,M,27
Álvaro,M,27
Violeta,F,27
Larissa,F,27
Leo,M,26
Muhammad,M,26
Victor,M,26
Neuza,F,26
Elisa,F,26
Raissa,F,26
Sophia,F,26
Martin,M,25
Victoria,F,25
Lúcia,F,25
Caio,M,24
Erik,M,24
Isac,M,24
Erika,F,24
Alana,F,24
Ian,M,23
Ismael,M,23
Raúl,M,23
Moisés,M,23
Marcos,M,23
Mauro,M,23
Liam,M,23
Elias,M,23
Natacha,F,23
Vanessa,F,23
Elena,F,23
Carmo,F,23
Micaela,F,23
Sandra,F,23
Jonas,M,22
Levi,M,22
Thomas,M,22
Susana,F,22
Cristina,F,22
Carla,F,22
Josué,M,21
Kelvin,M,21
Alicia,F,21
Christian,M,20
Matheus,M,20
Telmo,M,20
Márcia,F,20
Fátima,F,20
Cátia,F,20
Taís,F,20
Paula,F,20
Emily,F,20
Marisa,F,20
Dário,M,19
Danilo,M,19
Jonathan,M,19
Márcio,M,19
Thiago,M,19
Edson,M,19
Cíntia,F,19
Doriana,F,19
Antónia,F,19
Luz,F,19
Eliane,F,19
Rebeca,F,19
Marina,F,19
Raphael,M,18
Dylan,M,18
Denzel,M,18
Jonatã,M,18
Flávio,M,18
Tamara,F,18
Clarisse,F,18
Viviane,F,18
Ariane,F,18
Amanda,F,18
Erica,F,18
Hélder,M,17
Júlio,M,17
Raul,M,17
Elsa,F,17
Abigail,F,17
Eliana,F,17
Liara,F,17
James,M,16
Gerson,M,16
Telma,F,16
Leticia,F,16
Tânia,F,16
Rute,F,16
Penélope,F,16
Nayara,F,16
Giovani,M,15
Ruben,M,15
Giovana,F,15
Solange,F,15
Denise,F,15
Liana,F,15
Serena,F,15
Carina,F,15
Maísa,F,15
Mónica,F,15
Noemi,F,15
Maya,F,15
Ayla,F,15
Abel,M,14
Roberto,M,14
Fausto,M,14
Misael,M,14
Leonel,M,14
Oriana,F,14
Flávia,F,14
Anna,F,14
Cloé,F,14
Brenda,F,14
Sílvia,F,14
Nina,F,14
Cloe,F,14
Estrela,F,14
Sebastian,M,13
Rubim,M,13
Luan,M,13
Isaque,M,13
Joshua,M,13
Angélica,F,13
Rosarinho,F,13
Isa,F,13
Eunice,F,13
Liane,F,13
Valéria,F,13
Suri,F,13
Cecília,F,13
Concha,F,13
Clarinha,F,13
Sónia,F,13
Dalila,F,13
Sabrina,F,13
Briana,F,13
Benjamin,M,12
Augusto,M,12
Andrei,M,12
Jason,M,12
Luciano,M,12
Luis,M,12
Milena,F,12
Aléxia,F,12
Jénifer,F,12
Alina,F,12
Ashley,F,12
Glória,F,12
Morgana,F,12
Samira,F,12
Lea,F,12
Flora,F,12
Gabriella,F,12
Irene,F,12
Kayla,F,12
Lídia,F,12
Amália,F,12
Domingos,M,11
Nicolau,M,11
Israel,M,11
Erick,M,11
Maurício,M,11
Anselmo,M,11
Mohamed,M,11
Alberto,M,11
Martina,F,11
Angelina,F,11
Pérola,F,11
Lana,F,11
Magda,F,11
Graça,F,11
Ísis,F,11
Kiara,F,11
Jade,F,11
Ary,M,10
Rogério,M,10
Iago,M,10
Júnior,M,10
Cauã,M,10
Mateo,M,10
Mark,M,10
Valentino,M,10
Iúri,M,10
Cristian,M,10
Adam,M,10
Amadeu,M,10
Adriano,M,10
Anderson,M,10
Joabe,M,10
Nathan,M,10
Adrian,M,10
India,F,10
Melanie,F,10
Lívia,F,10
Naísa,F,10
Lisa,F,10
Mayra,F,10
Anabela,F,10
Esther,F,10
Chloé,F,10
Aisha,F,10
Viviana,F,10
Samanta,F,10
Taísa,F,10
Alan,M,9
Quévin,M,9
Evandro,M,9
Noé,M,9
Maxim,M,9
Ryan,M,9
Gastão,M,9
Steven,M,9
Theo,M,9
Julia,F,9
Maira,F,9
Carmen,F,9
Lua,F,9
Giovanna,F,9
Leandra,F,9
Cármen,F,9
Nídia,F,9
Rayssa,F,9
Samara,F,9
Esmeralda,F,9
Priscila,F,9
Lais,F,9
Taíssa,F,9
Raphaël,M,8
Aaron,M,8
Óscar,M,8
Breno,M,8
Nicolas,M,8
Estêvão,M,8
Félix,M,8
Natanael,M,8
Fabrício,M,8
Samir,M,8
Kenzo,M,8
Damião,M,8
Cristóvão,M,8
Jeremias,M,8
Estela,F,8
Heloísa,F,8
Aysha,F,8
Emilly,F,8
Fernanda,F,8
Anaísa,F,8
Maia,F,8
Dália,F,8
Laila,F,8
Luzia,F,8
Mariama,F,8
Iva,F,8
Dara,F,8
Suria,F,8
Guiomar,F,8
Isaura,F,8
Mercedes,F,8
Ânia,F,8
Leila,F,8
Manuela,F,8
Elisabete,F,8
Gisela,F,8
Riana,F,8
Jónatas,M,7
Mickael,M,7
Alexandru,M,7
Bento,M,7
Adriel,M,7
Patrick,M,7
Angélico,M,7
Alfredo,M,7
Martín,M,7
Alessandro,M,7
Aron,M,7
Alexandro,M,7
Ari,M,7
Jayden,M,7
Nikita,M,7
Oliver,M,7
Hélio,M,7
Mohammad,M,7
Luiz,M,7
Mathias,M,7
Ethan,M,7
Omar,M,7
Lukas,M,7
Allana,F,7
Keyla,F,7
Maryam,F,7
Edna,F,7
Aaliyah,F,7
Lya,F,7
Olivia,F,7
Celina,F,7
Tamára,F,7
Anastácia,F,7
Josiane,F,7
Thaís,F,7
Jessica,F,7
Anamar,F,7
Hadassa,F,7
Isabelle,F,7
Lina,F,7
Pablo,M,6
Evan,M,6
Darius,M,6
Jair,M,6
Vitor,M,6
Celso,M,6
Marlon,M,6
Amílcar,M,6
Marley,M,6
Lázaro,M,6
Nilton,M,6
Jesus,M,6
Haniel,M,6
Serafim,M,6
Caetano,M,6
Michael,M,6
Axel,M,6
Eugénio,M,6
Jessé,M,6
Théo,M,6
Rayan,M,6
Vladyslav,M,6
Zion,M,6
Baltasar,M,6
Kayden,M,6
Natália,F,6
Jennifer,F,6
Chloe,F,6
Filomena,F,6
Iasmin,F,6
Margarita,F,6
Melina,F,6
Melany,F,6
Dora,F,6
Giulia,F,6
Stela,F,6
Cássia,F,6
Angela,F,6
Regina,F,6
Eugénia,F,6
Charlotte,F,6
Dayane,F,6
Nara,F,6
Fatumata,F,6
Mathilde,F,6
Zahra,F,6
Ariele,F,6
Lurdes,F,6
Zara,F,6
Chiara,F,6
Ariela,F,6
Linda,F,6
Perla,F,6
Laís,F,6
Andrea,F,6
Sophie,F,6
Suéli,F,6
Melinda,F,6
Alyssa,F,6
Teresinha,F,6
Mariam,F,6
Polina,F,6
Gaia,F,6
Stefan,M,5
Valentin,M,5
Ezequiel,M,5
Andrey,M,5
Heitor,M,5
Giovanni,M,5
Adrien,M,5
Helder,M,5
Adolfo,M,5
Tito,M,5
Jairo,M,5
Felipe,M,5
Eliel,M,5
Tobias,M,5
Antonio,M,5
Patrício,M,5
Wesley,M,5
Robert,M,5
Ianis,M,5
Válter,M,5
Kaio,M,5
Juan,M,5
Janai,M,5
Aléxis,M,5
Kauã,M,5
Lourenzo,M,5
Lukeny,M,5
Marcus,M,5
Enrique,M,5
Amir,M,5
Mamadou,M,5
Máximo,M,5
Zoé,F,5
Giselle,F,5
Mel,F,5
Eliza,F,5
Esperança,F,5
Irís,F,5
Lígia,F,5
Celeste,F,5
Adelina,F,5
Diva,F,5
Rosana,F,5
Marisol,F,5
Cassandra,F,5
Janice,F,5
Amy,F,5
Ciara,F,5
Kristina,F,5
Ivana,F,5
Ruth,F,5
Anaís,F,5
Amora,F,5
Alma,F,5
Silvana,F,5
Karen,F,5
Tiara,F,5
Ionara,F,5
Daniella,F,5
Samaritana,F,5
Lisandra,F,5
Alexa,F,5
Adriela,F,5
Michele,F,5
Nadine,F,5
Iolanda,F,5
Amelia,F,5
Martinha,F,5
Rania,F,5
Maura,F,5
Ravi,M,4
Alexander,M,4
Otto,M,4
Yago,M,4
Fred,M,4
George,M,4
Rúdi,M,4
Eduard,M,4
Damian,M,4
Angel,M,4
Maksym,M,4
Matteo,M,4
Teodoro,M,4
Inácio,M,4
Nicholas,M,4
Ionut,M,4
Ahmad,M,4
Azael,M,4
Fabiano,M,4
Hazael,M,4
Danil,M,4
Armindo,M,4
Lúcio,M,4
Ramiro,M,4
Alexis,M,4
Kennedy,M,4
Eliezer,M,4
Maksim,M,4
Isael,M,4
Nadir,M,4
Saulo,M,4
Diamantino,M,4
Leonard,M,4
Emmanuel,M,4
Walter,M,4
Logan,M,4
Rubén,M,4
Salomão,M,4
Kendrick,M,4
Aires,M,4
Pietro,M,4
Harry,M,4
Kiesse,M,4
Kauan,M,4
Kelson,M,4
Davide,M,4
Vincent,M,4
Edmundo,M,4
Agostinho,M,4
Armando,M,4
Max,M,4
Marius,M,4
Ibrahima,M,4
Matei,M,4
Gui,M,4
Jefferson,M,4
Uriel,M,4
Elvis,M,4
Deivid,M,4
Dominic,M,4
Damien,M,4
Fatoumata,F,4
Érika,F,4
Ellen,F,4
Vivian,F,4
Stephany,F,4
Hélia,F,4
Emanuela,F,4
Aliça,F,4
Lyana,F,4
Daisi,F,4
Nuria,F,4
Daria,F,4
Rebecca,F,4
Marli,F,4
Ticiana,F,4
Aixa,F,4
Karolina,F,4
Leah,F,4
Nuna,F,4
Chantal,F,4
Pandora,F,4
Ayra,F,4
Ionela,F,4
Liz,F,4
Daisy,F,4
Alexia,F,4
Carol,F,4
Karina,F,4
Lavinia,F,4
Deise,F,4
Milene,F,4
Letízia,F,4
Eleonor,F,4
Elaine,F,4
Anaïs,F,4
Élia,F,4
Samantha,F,4
Evandra,F,4
Jordana,F,4
Jacira,F,4
Dafne,F,4
Ariel,F,4
Janine,F,4
Scarlett,F,4
Lueji,F,4
Jael,F,4
Caroline,F,4
Patricia,F,4
Janaína,F,4
Mary,F,4
Alessandra,F,4
Ava,F,4
Viktoria,F,4
Joyce,F,4
Kimberly,F,4
Lavínia,F,4
Vânia,F,4
Lyah,F,4
Angel,F,4
Luanna,F,4
Joice,F,4
Cheila,F,4
Isadora,F,4
Noor,F,4
Evelyn,F,4
Guadalupe,F,4
Sofiya,F,4
Luiza,F,4
Andreea,F,4
Yasmine,F,4
Stella,F,4
Aurea,F,4
Luisa,F,4
Dina,F,4
Marlene,F,4
Luigi,M,3
Leon,M,3
Léandro,M,3
Ibrahim,M,3
Giani,M,3
Francesco,M,3
Yaroslav,M,3
Viriato,M,3
Viktor,M,3
Tristão,M,3
Tierri,M,3
Sancho,M,3
Sami,M,3
Rodolfo,M,3
Riquelme,M,3
Nikolay,M,3
Nícolas,M,3
MZi,M,3
Milan,M,3
Messias,M,3
Matviy,M,3
Mason,M,3
Adner,M,3
Alejandro,M,3
Amândio,M,3
Américo,M,3
Baltazar,M,3
Dany,M,3
Denilson,M,3
Dennis,M,3
Élton,M,3
Eusébio,M,3
Luka,M,3
Mathéo,M,3
Ahmed,M,3
Willian,M,3
Dmytro,M,3
Albert,M,3
Romeo,M,3
Danilson,M,3
Mario,M,3
Julião,M,3
Jailson,M,3
Léo,M,3
Bráulio,M,3
Josias,M,3
Kévin,M,3
Tom,M,3
Horácio,M,3
Adonai,M,3
Lucca,M,3
Marvin,M,3
Eli,M,3
Aryan,M,3
Liedson,M,3
Tomaz,M,3
Bartolomeu,M,3
Valter,M,3
Nataniel,M,3
Mikael,M,3
Romão,M,3
Lopo,M,3
Aiden,M,3
Jordano,M,3
Dario,M,3
Mike,M,3
Gilson,M,3
Ion,M,3
Apolo,M,3
Orlando,M,3
Antoine,M,3
Ilídio,M,3
Luke,M,3
Ebenezer,M,3
Mathis,M,3
Ayaan,M,3
Artem,M,3
Delfim,M,3
Xin,M,3
Jun,M,3
Brayan,M,3
Abner,M,3
Édi,M,3
Keven,M,3
Louis,M,3
Jordan,M,3
Haider,M,3
Sílvio,M,3
Isandro,M,3
Estevão,M,3
Josiana,F,3
Arya,F,3
Sulamita,F,3
Laurinda,F,3
Natasha,F,3
Mélissa,F,3
Anaya,F,3
Evelina,F,3
Zélia,F,3
Ella,F,3
Siena,F,3
Caterina,F,3
Marinha,F,3
Rafaella,F,3
Yasmim,F,3
Leyla,F,3
Eveline,F,3
América,F,3
Aicha,F,3
Matilda,F,3
Tabita,F,3
Adélia,F,3
Noémia,F,3
Haniela,F,3
Déborah,F,3
Alessia,F,3
Katarina,F,3
Miguela,F,3
Ilana,F,3
Adelaide,F,3
Valeria,F,3
Terezinha,F,3
Pureza,F,3
Yohanna,F,3
Cleia,F,3
Naíma,F,3
Lucia,F,3
Rayane,F,3
Alia,F,3
Tiana,F,3
Emely,F,3
Joanna,F,3
Miranda,F,3
Zora,F,3
Bibiana,F,3
Ekaterina,F,3
Noémi,F,3
Sasha,F,3
Stephanie,F,3
Martha,F,3
Susete,F,3
Simara,F,3
Kavya,F,3
Aliyah,F,3
Michelle,F,3
Francesca,F,3
Andreína,F,3
Simona,F,3
Léa,F,3
Wendy,F,3
Cindy,F,3
Lira,F,3
Neide,F,3
Suriel,F,3
Alexis,F,3
Sheila,F,3
Haniya,F,3
Fábia,F,3
Stefany,F,3
Nancy,F,3
Ilda,F,3
Aliza,F,3
Liah,F,3
Raíssa,F,3
Léana,F,3
Daina,F,3
Domingas,F,3
Fatou,F,3
Alisha,F,3
Sarai,F,3
Claúdia,F,3
Aya,F,3
Felícia,F,3
Cândida,F,3
Simaura,F,3
Dulce,F,3
Katerina,F,3
Alda,F,3
Mirela,F,3
Mila,F,3
Anastasia,F,3
Ioana,F,3
Damaris,F,3
Ruby,F,3
Gisele,F,3
Fatima,F,3
Hanna,F,3
Zaira,F,3
Wamy,F,3
Selena,F,3
Ayesha,F,3
Aissatou,F,3
Jussara,F,3
Elizabeth,F,3
Tamar,F,3
Aida,F,3
Célia,F,3
Alya,F,3
Helmer,M,2
Ivanilson,M,2
Wilker,M,2
Arlo,M,2
Dimitri,M,2
Fabian,M,2
Jaden,M,2
Javier,M,2
Giovanny,M,2
Marian,M,2
Ayan,M,2
Kael,M,2
Issa,M,2
Marcelino,M,2
Kai,M,2
Alexsandro,M,2
Ruslan,M,2
Ekam,M,2
Énio,M,2
Aziel,M,2
Helton,M,2
Ewan,M,2
Gheorghe,M,2
Timóteo,M,2
Joseph,M,2
Kienda,M,2
Júnio,M,2
Jay,M,2
Eros,M,2
Rómulo,M,2
Nayan,M,2
Mauri,M,2
Aleksander,M,2
Tadey,M,2
Kian,M,2
Julian,M,2
Jhon,M,2
Abraão,M,2
Mílton,M,2
Dionísio,M,2
Dumitru,M,2
Erikson,M,2
Ziyad,M,2
Alcides,M,2
Herlander,M,2
Geovanni,M,2
Saúl,M,2
Loïc,M,2
Nilson,M,2
Jules,M,2
Isaías,M,2
Efraim,M,2
Ednilson,M,2
Kimi,M,2
Olivier,M,2
Kiary,M,2
Federico,M,2
Djibril,M,2
Mamadu,M,2
Ludgero,M,2
Aurélio,M,2
Anilson,M,2
Ewerton,M,2
Derick,M,2
Elisei,M,2
Stéphane,M,2
Mayson,M,2
Colin,M,2
Maximilian,M,2
Youssef,M,2
Henry,M,2
Kyle,M,2
Ramon,M,2
Yannick,M,2
Aayan,M,2
Manraj,M,2
Ranveer,M,2
Giovany,M,2
Syed,M,2
Sidnei,M,2
Nicodemos,M,2
Oleksandr,M,2
Maxwell,M,2
Donovan,M,2
Jacinto,M,2
Diniz,M,2
Melvin,M,2
Aquiles,M,2
Abdul,M,2
Roman,M,2
Braima,M,2
Éder,M,2
Kelton,M,2
Emiliano,M,2
Oumar,M,2
Jaelson,M,2
Thomaz,M,2
Umar,M,2
Tristan,M,2
Riaan,M,2
Antônio,M,2
Alin,M,2
Arlindo,M,2
Toni,M,2
Martino,M,2
Jerónimo,M,2
Élio,M,2
Filip,M,2
Prem,M,2
Andriy,M,2
Lionel,M,2
Adérito,M,2
Elísio,M,2
Yann,M,2
Arman,M,2
Aleksandar,M,2
Nélson,M,2
Matvey,M,2
Adryan,M,2
Peter,M,2
Ruan,M,2
Sidney,M,2
Oscar,M,2
Élsio,M,2
Neemias,M,2
Sean,M,2
Antonino,M,2
Jardel,M,2
Bogdan,M,2
Manassés,M,2
Charles,M,2
Gael,M,2
Reinaldo,M,2
Laerte,M,2
Nicollas,M,2
Abdullah,M,2
Dante,M,2
Aleks,M,2
Nazário,M,2
Makar,M,2
Aidan,M,2
Dragos,M,2
Tadeu,M,2
Absalão,M,2
Mikhael,M,2
Dave,M,2
Alfie,M,2
Vladimir,M,2
Vinícius,M,2
Hendrick,M,2
Lian,M,2
François,M,2
Caíco,M,2
Juvenal,M,2
Murilo,M,2
Edmilson,M,2
Mikhail,M,2
Eurico,M,2
Jamal,M,2
Thierry,M,2
Aleksandr,M,2
Miron,M,2
Kiany,M,2
Aliu,M,2
Angelo,M,2
Sameer,M,2
Zoé,M,2
Stephan,M,2
Davidson,M,2
Hernâni,M,2
Silas,M,2
Olavo,M,2
Djeison,M,2
Jack,M,2
Gurfateh,M,2
Yulian,M,2
Charlie,M,2
Eliseu,M,2
Kendy,M,2
Artiom,M,2
Tommy,M,2
Fabio,M,2
Andy,M,2
Maurílio,M,2
Nishan,M,2
Edvaldo,M,2
Johnny,M,2
Kleydilson,M,2
Djayson,M,2
Nikolas,M,2
Razvan,M,2
Abílio,M,2
Ekamjot,M,2
Austin,M,2
Arsenie,M,2
Aldo,M,2
Riyan,M,2
Magno,M,2
Ami,F,2
Ellie,F,2
Sienna,F,2
Thays,F,2
Alba,F,2
Magali,F,2
Melody,F,2
Luiana,F,2
Maitê,F,2
Hiba,F,2
Yilin,F,2
Yuna,F,2
Andra,F,2
Ada,F,2
Yanira,F,2
Orlanda,F,2
Lilly,F,2
Miruna,F,2
Nicolly,F,2
Kyesse,F,2
Rosie,F,2
Juliette,F,2
Kieza,F,2
Ágata,F,2
Quirina,F,2
Daiane,F,2
Stefanny,F,2
Yu,F,2
Layane,F,2
Gabrielle,F,2
Lorenna,F,2
Jenny,F,2
Asmaa,F,2
Teodora,F,2
Hibah,F,2
Magnólia,F,2
Grace,F,2
Mária,F,2
Eloah,F,2
Jady,F,2
Ivone,F,2
Fiona,F,2
Harper,F,2
Eloisa,F,2
Edmara,F,2
Cintya,F,2
Elisabeth,F,2
Salimatu,F,2
Emilie,F,2
Aldara,F,2
Marwa,F,2
Elyane,F,2
Josiany,F,2
Deisy,F,2
Sonia,F,2
Selina,F,2
Jacinta,F,2
Simran,F,2
Clarissa,F,2
Yazmin,F,2
Kendra,F,2
Eleonora,F,2
Aryanne,F,2
Selene,F,2
Rayna,F,2
Lidiany,F,2
Idalina,F,2
Khadija,F,2
Latifah,F,2
Damiana,F,2
Ingrid,F,2
kelly,F,2
Naira,F,2
Cristal,F,2
Rayanne,F,2
Antonieta,F,2
Arisha,F,2
Elana,F,2
Xin,F,2
Zoe,F,2
Lília,F,2
Caia,F,2
Nicoleta,F,2
Quiara,F,2
Aissatu,F,2
Lis,F,2
Lena,F,2
Vanda,F,2
Kayra,F,2
Oceana,F,2
Anastacia,F,2
Ecaterina,F,2
Marcela,F,2
Evanyce,F,2
Sol,F,2
Daliana,F,2
Léonor,F,2
Eleanor,F,2
Natanaela,F,2
Beatris,F,2
Thaila,F,2
Kira,F,2
Ania,F,2
Vidhi,F,2
Inés,F,2
Daiany,F,2
Jasmine,F,2
Mariame,F,2
Tayla,F,2
Judite,F,2
Selma,F,2
Arina,F,2
Iria,F,2
Naomi,F,2
Kataleya,F,2
Deolinda,F,2
Anais,F,2
Anastasiia,F,2
Agnes,F,2
Emaly,F,2
Nicolle,F,2
Maysa,F,2
Kaya,F,2
Pui,F,2
Manreet,F,2
Diya,F,2
Bela,F,2
Lízi,F,2
Helga,F,2
Samiksha,F,2
Séfora,F,2
Mariza,F,2
Sandrina,F,2
Dayana,F,2
Geovana,F,2
Niriani,F,2
Chloë,F,2
Ainara,F,2
Siara,F,2
Zlata,F,2
Valentine,F,2
Liliane,F,2
Misha,F,2
Mishal,F,2
Nawal,F,2
Katia,F,2
Nazaré,F,2
Maylis,F,2
Elis,F,2
Roberta,F,2
Branca,F,2
Manon,F,2
Aleena,F,2
Nayla,F,2
Melannie,F,2
Anisia,F,2
Brigite,F,2
Raphaela,F,2
Nathalie,F,2
Denisa,F,2
Mina,F,2
Índia,F,2
Kate,F,2
Lícia,F,2
Iana,F,2
Margot,F,2
Natalia,F,2
Amélie,F,2
Alessa,F,2
Carine,F,2
Adrielly,F,2
Beatrice,F,2
Cinara,F,2
Eloá,F,2
Lauryn,F,2
Nora,F,2
Nayra,F,2
Si,F,2
Raiany,F,2
Clarice,F,2
Charlize,F,2
Ishika,F,2
Myriam,F,2
Ayana,F,2
Kayna,F,2
Mercês,F,2
Larisa,F,2
Milana,F,2
Cléo,F,2
Hannah,F,2
Raluca,F,2
Iasmina,F,2
Aliane,F,2
Amiela,F,2
Kauana,F,2
Leone,F,2
Lianna,F,2
Aditi,F,2
Aura,F,2
Elissa,F,2
Liza,F,2
Açucena,F,2
Hana,F,2
Melisa,F,2
Princy,F,2
Florence,F,2
Jessie,F,2
Dámaris,F,2
Emanuella,F,2
Virgínia,F,2
Anísia,F,2
Vitoria,F,2
Alycia,F,2
Marie,F,2
Dejanira,F,2
Lyubomyr,M,1
Lucio,M,1
Laurenço,M,1
Koh,M,1
Kirill,M,1
Késmen,M,1
Kendro,M,1
Justice,M,1
Janus,M,1
Imran,M,1
Ilia,M,1
Hari,M,1
Gustav,M,1
Gervásio,M,1
Gaio,M,1
Wilquer,M,1
Steviandro,M,1
Nidhaan,M,1
Nicoló,M,1
MYi,M,1
Moróni,M,1
Mivaan,M,1
Megh,M,1
Masal,M,1
Aarav,M,1
Adirson,M,1
Aécio,M,1
Amoljot,M,1
Angelino,M,1
Asher,M,1
Camilo,M,1
Chen,M,1
Claudiano,M,1
Cleber,M,1
Edgard,M,1
Eitor,M,1
Djemo,M,1
Sulaiman,M,1
Abducadre,M,1
Ioann,M,1
Rachido,M,1
Braiden,M,1
Braimy,M,1
Diokine,M,1
Gurniwaz,M,1
Raven,M,1
Ignacio,M,1
Prashanna,M,1
Lídio,M,1
Ahsan,M,1
Andreas,M,1
Dimitriy,M,1
Jonathas,M,1
Laerson,M,1
Cédric,M,1
Gonzaga,M,1
Tianyu,M,1
Kayu,M,1
Dawood,M,1
Mihail,M,1
Japjeet,M,1
Khael,M,1
Teodor,M,1
Jawad,M,1
Siddh,M,1
Seyed,M,1
Yuvraj,M,1
Eddy,M,1
Célio,M,1
Hai,M,1
Wayami,M,1
Matusalém,M,1
Eliabe,M,1
Elsandro,M,1
Rudran,M,1
Lukenny,M,1
Kiell,M,1
Pieter,M,1
Horus,M,1
Jayson,M,1
Anylson,M,1
Eddie,M,1
Kaillan,M,1
Sidónio,M,1
Saimon,M,1
Ricco,M,1
Aimar,M,1
Amirxon,M,1
Kenye,M,1
Walide,M,1
Rajvansh,M,1
Yihe,M,1
Skyllen,M,1
Ivandro,M,1
Adão,M,1
Sahej,M,1
Wallyson,M,1
Saidou,M,1
Gleb,M,1
Demian,M,1
Abir,M,1
Rhénan,M,1
Alfonso,M,1
Haojie,M,1
Adonay,M,1
Serhiy,M,1
Chizara,M,1
Harnav,M,1
Asan,M,1
Surmukh,M,1
Assis,M,1
Svyatoslav,M,1
Malcolm,M,1
Hianique,M,1
Tamás,M,1
Khadime,M,1
Patrik,M,1
Deolindo,M,1
Djaniny,M,1
Armand,M,1
Jasenio,M,1
Arnaldo,M,1
Ming,M,1
Danny,M,1
Kelvy,M,1
Om,M,1
Georgiy,M,1
Thulio,M,1
Emerson,M,1
Francemo,M,1
Mykhail,M,1
Alonso,M,1
Yerian,M,1
Deron,M,1
Serigne,M,1
Wetchari,M,1
Lachezar,M,1
Vanilson,M,1
Willson,M,1
Aramis,M,1
Dean,M,1
Anthony,M,1
Danylo,M,1
Helão,M,1
Bhavnoor,M,1
Mirson,M,1
Sesinando,M,1
Kuandi,M,1
Ibenekwume,M,1
Cheikhou,M,1
Florin,M,1
Hestin,M,1
Albertson,M,1
Clérigo,M,1
Jadson,M,1
Geronimo,M,1
Arkadii,M,1
Malvin,M,1
Baniran,M,1
Karing'ö,M,1
Társis,M,1
Ariel,M,1
Otchali,M,1
Marthin,M,1
Hermenegildo,M,1
Fabián,M,1
Hansel,M,1
Sukhraj,M,1
Redam,M,1
Joaz,M,1
Maddox,M,1
Raducu,M,1
Danielson,M,1
Gualter,M,1
Gurveer,M,1
Sisley,M,1
Man,M,1
Purav,M,1
Omboma,M,1
Damon,M,1
Eliézer,M,1
Marko,M,1
Yancho,M,1
Arin,M,1
Arad,M,1
Mohammed,M,1
Alceu,M,1
Jaiden,M,1
Endrick,M,1
Gaele,M,1
Harsaihaj,M,1
Sélio,M,1
Cícero,M,1
Baichuan,M,1
Zacaria,M,1
Adulsalami,M,1
Kunashe,M,1
Wanderley,M,1
Haziel,M,1
Nofil,M,1
Abraim,M,1
Puranjay,M,1
Presig,M,1
Cremildo,M,1
Àngel,M,1
Hassan,M,1
Naftali,M,1
Simon,M,1
Billy,M,1
Aahan,M,1
Sage,M,1
Kane,M,1
Edoardo,M,1
Alassane,M,1
Isaia,M,1
Denguel,M,1
Hussain,M,1
Mavi,M,1
Duani,M,1
Danieli,M,1
Finley,M,1
Kiese,M,1
Rony,M,1
Joseberto,M,1
Cornel,M,1
Fredyson,M,1
Selton,M,1
Parno,M,1
Slavi,M,1
Archie,M,1
Heiden,M,1
Shyam,M,1
Barack,M,1
Jarir,M,1
Willean,M,1
Alwin,M,1
Tushaar,M,1
Kyane,M,1
Kévan,M,1
Giuseppe,M,1
Veramin,M,1
Adelsan,M,1
Adelino,M,1
Taskin,M,1
Luri,M,1
Rifat,M,1
Dugério,M,1
MD,M,1
Amador,M,1
Kelvio,M,1
Zdravko,M,1
Maike,M,1
Siddártha,M,1
Jewilson,M,1
Carlosjonse,M,1
Nicodemo,M,1
Junkai,M,1
Ziyang,M,1
Iker,M,1
Dwini,M,1
Agnelo,M,1
Délcio,M,1
Mihir,M,1
Lisuarte,M,1
Matthew,M,1
Lukian,M,1
Izhan,M,1
Bibhor,M,1
Muhamad,M,1
Antony,M,1
Kahil,M,1
Yannis,M,1
Edilson,M,1
Evany,M,1
Belmar,M,1
Junior,M,1
Kélyan,M,1
Iek,M,1
Jonah,M,1
Paixão,M,1
Ronelka,M,1
Pável,M,1
Luqman,M,1
Laércio,M,1
Ntimashi,M,1
Riley,M,1
Tallys,M,1
Avijot,M,1
Lorenzzo,M,1
Reson,M,1
Kelve,M,1
Zichen,M,1
Edney,M,1
Kaleb,M,1
Arnísio,M,1
Orestis,M,1
Abdrahman,M,1
Finnegan,M,1
Nazir,M,1
Adónis,M,1
Érik,M,1
Bélcio,M,1
Ozodbek,M,1
Kizua,M,1
Tymofiy,M,1
Manthan,M,1
Laurentiu,M,1
Artimisio,M,1
Khristopher,M,1
Vishnuvardan,M,1
Franklim,M,1
Djeyson,M,1
Sergiu,M,1
Wigan,M,1
Airton,M,1
Henrik,M,1
Yohrán,M,1
Ahyaan,M,1
Markel,M,1
Ivaan,M,1
Lochlainn,M,1
Roque,M,1
Henri,M,1
Vitório,M,1
Pragad,M,1
Johel,M,1
Ebrima,M,1
Aedan,M,1
Ibraim,M,1
Zev,M,1
Ianes,M,1
Kayle,M,1
Belchior,M,1
Vinicius,M,1
Dominik,M,1
Rylan,M,1
Kush,M,1
Abdel,M,1
Euclides,M,1
Riquelmo,M,1
Siddhártha,M,1
Nani,M,1
Kamran,M,1
Dayel,M,1
Miroslav,M,1
Sabhar,M,1
Elson,M,1
Thierno,M,1
Zelani,M,1
Summer,M,1
Aureliano,M,1
Edi,M,1
Anton,M,1
Taylor,M,1
Luciel,M,1
Ghassan,M,1
Rumen,M,1
Dariu,M,1
Genilson,M,1
Kelcio,M,1
Hao,M,1
Wendi,M,1
Círlo,M,1
Afidjo,M,1
Keyson,M,1
Kayque,M,1
Garry,M,1
Arnab,M,1
Dishi,M,1
Deive,M,1
Letian,M,1
Ronak,M,1
Reece,M,1
Arteom,M,1
Aureo,M,1
Constantin,M,1
Abduramane,M,1
Jialin,M,1
Héritier,M,1
Ahnaf,M,1
Alpha,M,1
Ruzgyar,M,1
Aubin,M,1
Gurjap,M,1
Agrim,M,1
Mojo,M,1
Sthefan,M,1
Brunilson,M,1
Boris,M,1
Erickson,M,1
Chrishmiel,M,1
MD.,M,1
Altino,M,1
Rijan,M,1
Harley,M,1
Wagner,M,1
Gianni,M,1
Lior,M,1
Nirnaya,M,1
Egor,M,1
Tuttondele,M,1
Gianny,M,1
Cassiano,M,1
Zain,M,1
Helbert,M,1
Ederson,M,1
Adnal,M,1
Osni,M,1
Elisiário,M,1
Ahhad,M,1
Moussan,M,1
Rolland,M,1
Mahezu,M,1
Nemésio,M,1
Sasha,M,1
Ben-Hur,M,1
Jasnur,M,1
Jiaocheng,M,1
Aléxio,M,1
Gilchrist,M,1
Kahel,M,1
Kimon,M,1
Zael,M,1
Narsil,M,1
Hubert,M,1
Calvin,M,1
Ananias,M,1
Fenil,M,1
Liri,M,1
Paul-Alexandre,M,1
Tomáz,M,1
Aleksey,M,1
Ozgur,M,1
Omarson,M,1
Zinedine,M,1
Veid,M,1
Aaditya,M,1
Walker,M,1
Séraphin,M,1
Ayhame,M,1
Gary,M,1
Brainer,M,1
Andries,M,1
Virgínio,M,1
Romaldo,M,1
Filomeno,M,1
Namaro,M,1
Yasser,M,1
Alão,M,1
Nándor,M,1
Sálvio,M,1
Taaj,M,1
Djosi,M,1
Harvey,M,1
Beau,M,1
Ivanildo,M,1
Sarish,M,1
Krisht,M,1
Malick,M,1
Odin,M,1
Alcino,M,1
Basiru,M,1
Davih,M,1
Viaan,M,1
Mahamat,M,1
Kifáni,M,1
Odair,M,1
Saransh,M,1
Dillon,M,1
Niraj,M,1
Iter,M,1
Pak,M,1
Dhrumil,M,1
Kiamy,M,1
Francis,M,1
Fernão,M,1
Dérick,M,1
Swornim,M,1
Mustafa,M,1
Ioshua,M,1
Steve,M,1
Yohane,M,1
Mohamado,M,1
Michal,M,1
Liano,M,1
Vitaliy,M,1
Ibraima,M,1
Samik,M,1
Naksh,M,1
Rúbio,M,1
Ernest,M,1
Chi,M,1
Geovanny,M,1
Mehdi,M,1
Muamed,M,1
Iulian,M,1
Jabir,M,1
Jackmar,M,1
Toby,M,1
Dion,M,1
Jonatão,M,1
Alain,M,1
Alassana,M,1
Fredynilson,M,1
Sinaí,M,1
Alípio,M,1
Íven,M,1
Harfateh,M,1
Kostyantyn,M,1
Haile,M,1
Alcindo,M,1
Héber,M,1
Dembo,M,1
Yoanne,M,1
Phillip,M,1
Geraldino,M,1
Pranish,M,1
Gaell,M,1
Kétsonn,M,1
Horacio,M,1
Duarth,M,1
Nercio,M,1
Roger,M,1
Dauda,M,1
Tarek,M,1
Beto,M,1
Hilário,M,1
Manveer,M,1
Luati,M,1
Dionisio,M,1
Digvijay,M,1
Mitko,M,1
Rovy,M,1
Kaidi,M,1
Sajak,M,1
Vinson,M,1
Raheel,M,1
Abrar,M,1
Heorhiy,M,1
kelvin,M,1
Junayed,M,1
Nivaldo,M,1
Stiven,M,1
Yuriy,M,1
Travis,M,1
Wellington,M,1
Shivam,M,1
Philippe,M,1
Alexandr,M,1
Arnav,M,1
Áder,M,1
Hanza,M,1
Meyson,M,1
Jaque,M,1
Jeovane,M,1
Rukélnio,M,1
Floriano,M,1
Khaleed,M,1
Saidy,M,1
Marouane,M,1
Célsio,M,1
Faustino,M,1
Kiyan,M,1
Hashir,M,1
Cândido,M,1
Solimar,M,1
Valentyn,M,1
Riquelmer,M,1
Mirzobek,M,1
Hetiene,M,1
Caiel,M,1
Sopnil,M,1
Romerio,M,1
Deocliciano,M,1
Siaka,M,1
Teófilo,M,1
Estefano,M,1
Silvestre,M,1
Lyan,M,1
Timote,M,1
Jumiro,M,1
Davy,M,1
Gilberto,M,1
Giacomo,M,1
Cherno,M,1
Emyr,M,1
Tahir,M,1
Habacuque,M,1
Griffin,M,1
Aymen,M,1
Majd,M,1
Abou,M,1
German,M,1
Kamil,M,1
Markiyan,M,1
Preet,M,1
Iannis,M,1
Niccolo,M,1
Pei,M,1
Nash,M,1
Herman,M,1
Veniamin,M,1
Evann,M,1
Aayush,M,1
Willyam,M,1
Yanic,M,1
Theardis,M,1
Flynn,M,1
Daví,M,1
Hou,M,1
Gomme,M,1
Nitai,M,1
Caique,M,1
Arlie,M,1
Hemery,M,1
Jacques,M,1
Afeef,M,1
Luckas,M,1
Inocêncio,M,1
Cheikh,M,1
Lwane,M,1
Jorcel,M,1
Valério,M,1
Melquisedec,M,1
Athanasius,M,1
Valdir,M,1
Dúlio,M,1
Ruby,M,1
Radomir,M,1
Arif,M,1
Stefano,M,1
Cassian,M,1
Rudolf,M,1
AAron,M,1
Frederic,M,1
Léccio,M,1
Bastien,M,1
kevin,M,1
Urias,M,1
Brooklyn,M,1
Reuel,M,1
Dilker,M,1
Éktoras,M,1
Salvatore,M,1
Esandjo,M,1
Maryon,M,1
Idijezi,M,1
Lev,M,1
Eldimir,M,1
Issoumahilla,M,1
Valdo,M,1
Cooper,M,1
Nathaniel,M,1
Guilheme,M,1
Cleiton,M,1
Wellinton,M,1
Mayronne,M,1
Pratius,M,1
Romain,M,1
Yachan,M,1
Zacarias,M,1
Heinz,M,1
Umaru,M,1
Salimo,M,1
Elber,M,1
Yacine,M,1
Bachir,M,1
Arménio,M,1
Djassy,M,1
Aníbal,M,1
Armany,M,1
Oluali,M,1
Ezaquiel,M,1
Felismino,M,1
Benny,M,1
Domínico,M,1
Yuliano,M,1
Frederick,M,1
Petko,M,1
Krish,M,1
Hervê,M,1
Hriday,M,1
Jersy,M,1
Johandry,M,1
Raffaello,M,1
Yide,M,1
Ammar,M,1
Abrão,M,1
Reinamor,M,1
Jon,M,1
Gelried,M,1
Jiahao,M,1
Andria,M,1
Cristofe,M,1
Mueti,M,1
Nélio,M,1
Adriaan,M,1
Zaido,M,1
Aryun,M,1
Mingcheng,M,1
Daehan,M,1
Lívio,M,1
Amedeo,M,1
Ramsés,M,1
Hafez,M,1
Ramzy,M,1
Tcherstney,M,1
Dani,M,1
Oskar,M,1
Vadilson,M,1
Marcéu,M,1
Samori,M,1
Valdemir,M,1
Lemuel,M,1
Egas,M,1
Elói,M,1
Yanick,M,1
Jaxon,M,1
Eden,M,1
Veer,M,1
Jassjot,M,1
Rikelme,M,1
Stanislav,M,1
Natanyas,M,1
Velko,M,1
Israar,M,1
Nazar,M,1
Devin,M,1
Aniel,M,1
Neculai,M,1
Yanni,M,1
Melvy,M,1
Zeid,M,1
Gianlucca,M,1
Leny,M,1
Guido,M,1
Maezie,M,1
Maaz,M,1
Nawaz,M,1
Satyaki,M,1
Deodato,M,1
Dawoud,M,1
Sadman,M,1
Djaz,M,1
Samael,M,1
Amadi,M,1
Hélie,M,1
Schakir,M,1
Kauê,M,1
Etiandro,M,1
Saad,M,1
Ícaro,M,1
Ruy,M,1
Rick,M,1
Rubi,M,1
Elhadje,M,1
Quentin,M,1
Rayirth,M,1
Enio,M,1
Lino,M,1
Malam,M,1
Dinko,M,1
Kelvyn,M,1
Obiajulu,M,1
Aarón,M,1
Stepan,M,1
Leonídio,M,1
Sahibjit,M,1
Mesaque,M,1
An,M,1
Cyrus,M,1
Pretesh,M,1
Wally,M,1
Nuriel,M,1
Zidane,M,1
Joaquin,M,1
Andreo,M,1
Makaylo,M,1
Maksymilian,M,1
Dénis,M,1
Evans,M,1
Anílton,M,1
Atreyu,M,1
Ben,M,1
Yoan,M,1
Hristiyin,M,1
Ismail,M,1
Mouhamadou,M,1
Derrick,M,1
Nilo,M,1
Eshraak,M,1
Elio,M,1
Carmim,M,1
Bojidar,M,1
Yoshiv,M,1
Matías,M,1
Philip,M,1
Humberto,M,1
Dannyel,M,1
Eliot,M,1
Maldine,M,1
River,M,1
Cademo,M,1
Misaki,M,1
Naer,M,1
Shivakrish,M,1
Yahya,M,1
Eloizio,M,1
Eurilucio,M,1
Manvir,M,1
vítor,M,1
Kyami,M,1
Delvino,M,1
Yudi,M,1
Reytan,M,1
Rowan,M,1
Bambo,M,1
Rubis,M,1
Ronilson,M,1
Constantino,M,1
Yijun,M,1
Taarush,M,1
Saish,M,1
Amrit,M,1
Jiaming,M,1
Kenny,M,1
Rafique,M,1
Jérémy,M,1
Alison,M,1
Nedylson,M,1
Luccas,M,1
Keyan,M,1
Kaiser,M,1
Aaryan,M,1
Galo,M,1
Edan,M,1
Kaiwen,M,1
Dyllan,M,1
Ritalino,M,1
Miran,M,1
Kristopher,M,1
Braadon,M,1
Dwayne,M,1
Walner,M,1
Albino,M,1
Osmar,M,1
Ronaldo,M,1
Ernesto,M,1
Jake,M,1
Adeep,M,1
Marquelle,M,1
Enzhuo,M,1
Sanskar,M,1
Jesse,M,1
Azel,M,1
Valdemar,M,1
Kayel,M,1
Cailan,M,1
Gurkeerat,M,1
Keid,M,1
Jóni,M,1
Caleb,M,1
Mariano,M,1
Delmar,M,1
Adiel,M,1
Hector,M,1
Ali,M,1
Rayhan,M,1
Nikola,M,1
Malav,M,1
Nikolai,M,1
Neymar,M,1
Matz,M,1
Alibek,M,1
Iran,M,1
Elyel,M,1
Justo,M,1
Shaday,M,1
Javokhir,M,1
Erico,M,1
Nathanyel,M,1
Riyad,M,1
Mutu,M,1
Rubens,M,1
Rio,M,1
Dimitrios,M,1
Sebastien,M,1
Sven,M,1
Jaume,M,1
Antón,M,1
Wilfred,M,1
Léon,M,1
Hudson,M,1
Yohann,M,1
Anass,M,1
Cleidir,M,1
Yaarnel,M,1
Noa,M,1
Daymien,M,1
Tarik,M,1
Aloísio,M,1
Iristian,M,1
Maurice,M,1
Manav,M,1
Kiven,M,1
Feliciano,M,1
Chadi,M,1
Dérickson,M,1
Jackilson,M,1
Creation,M,1
Ventura,M,1
Hamzah,M,1
Seren,M,1
Jingxuan,M,1
Vili,M,1
Zein,M,1
Nevaan,M,1
Acácio,M,1
Janosch,M,1
Giorgi,M,1
Adelson,M,1
Nick,M,1
Jeyson,M,1
Zurik,M,1
Isa,M,1
Yassin,M,1
Dinarte,M,1
Chrystian,M,1
Gavriil,M,1
Hemilton,M,1
Ziran,M,1
Nimba,M,1
Ângel,M,1
Wilton,M,1
Kayo,M,1
Welder,M,1
Adil,M,1
Morvin,M,1
Dawid,M,1
Ticiano,M,1
Kemer,M,1
Milo,M,1
Ernani,M,1
Dino,M,1
Denish,M,1
Nedilson,M,1
Qihao,M,1
Zirong,M,1
Addison,M,1
Liandro,M,1
Talha,M,1
Swayam,M,1
Timofei,M,1
Krasimir,M,1
Mouhamed,M,1
Merlin,M,1
Kiril,M,1
Cilírio,M,1
Arsenii,M,1
Hetwik,M,1
Seng,M,1
Bastian,M,1
Bruce,M,1
Petr,M,1
Fabricio,M,1
Kaelson,M,1
Zachariah,M,1
Muzante,M,1
Hussnain,M,1
Gabriele,M,1
Cleidilson,M,1
Rafa,M,1
Kayron,M,1
Kelsonn,M,1
Altay,M,1
Julio,M,1
Cayron,M,1
Madu,M,1
Haicky,M,1
Rodan,M,1
Jetro,M,1
Elian,M,1
Aadi,M,1
Divyash,M,1
Santigo,M,1
Darque,M,1
Noel,M,1
Sarthak,M,1
Uta,M,1
Melqui,M,1
Samip,M,1
Dieudonné,M,1
Liwilson,M,1
Divanny,M,1
Ady,M,1
Mikayil,M,1
Adnav,M,1
Cristopher,M,1
Hridaan,M,1
Bóris,M,1
Jaxson,M,1
Abhinoor,M,1
Arsio,M,1
Alseny,M,1
Mykola,M,1
Custódio,M,1
Ceumir,M,1
Catalin,M,1
Lenine,M,1
Aly,M,1
Didier,M,1
Nihal,M,1
Nilroib,M,1
Edmar,M,1
Bidhan,M,1
Aiman,M,1
Paulinho,M,1
Anval,M,1
Matéo,M,1
Ianys,M,1
Yihan,M,1
Ádrien,M,1
Murtaza,M,1
Djamson,M,1
Heltrício,M,1
Gurjotdeep,M,1
Isaak,M,1
Nicolae,M,1
Shayon,M,1
Felix,M,1
Florentin,M,1
Timeo,M,1
Prabhjot,M,1
Onofre,M,1
Bendavid,M,1
Wasilua,M,1
Roméo,M,1
Dilpreet,M,1
Ionut-Madalin,M,1
Rafhael,M,1
Ilie,M,1
Asus,M,1
Yohami,M,1
Patrizio,M,1
Josemar,M,1
Noam,M,1
Adelindo,M,1
Sila,M,1
Guillem,M,1
Russel,M,1
Maciel,M,1
Aser,M,1
Lúan,M,1
Herickson,M,1
Heimar,M,1
Élson,M,1
Iancu-Stefan,M,1
Belmiro,M,1
Reef,M,1
Santhiago,M,1
Eliandro,M,1
Hídio,M,1
Gursahib,M,1
Ademir,M,1
Comisar,M,1
Allex,M,1
Prasoon,M,1
Vishwas,M,1
Mychel,M,1
Cayo,M,1
Sébastien,M,1
Drish,M,1
Hanish,M,1
Paul,M,1
Bikram,M,1
Harpreet,M,1
Cezar-Damian,M,1
Koa,M,1
Freddy,M,1
Henzo,M,1
Neivaldo,M,1
Yunes,M,1
Jaspinder,M,1
Olsen,M,1
Alessio,M,1
Russell,M,1
Destiny,M,1
Sukhdeep,M,1
Asad,M,1
Lael,M,1
Timothée,M,1
Délio,M,1
Kleber,M,1
Osvaldo,M,1
Fahim,M,1
Isaí,M,1
Saliu,M,1
Piero,M,1
Asafe,M,1
Hénderson,M,1
Zélio,M,1
Diantus,M,1
Kartik,M,1
Mikaele,M,1
Enrico,M,1
Jacob,M,1
Élcio,M,1
Adelmiro,M,1
Adrián,M,1
Kiluange,M,1
Raiyan,M,1
Alfa,M,1
Djamal,M,1
Mamadú,M,1
Henryk,M,1
Nildo,M,1
Abraham,M,1
Mads,M,1
Cena,M,1
Tajas,M,1
Marlos,M,1
Ayush,M,1
Jamie,M,1
Yvan,M,1
Oswin,M,1
Elhdj,M,1
Nino,M,1
Divyan,M,1
Gabryel,M,1
Kahine,M,1
Hêrnani,M,1
Ikaro,M,1
Senelju,M,1
Faizan,M,1
Jeremy,M,1
Daymonds,M,1
Kwame,M,1
Remi,M,1
Isidro,M,1
Aizen,M,1
Banora,M,1
Richesse,M,1
Aayam,M,1
Hatim,M,1
Lemos,M,1
Iacob,M,1
Ronan,M,1
Rhythm,M,1
Noe,M,1
Joan,M,1
Vladilene,M,1
Victorino,M,1
Príncipe,M,1
Steling,M,1
Yameen,M,1
Kiyaan,M,1
Yannik,M,1
Gursimran,M,1
Djanyr,M,1
Isus,M,1
Admilson,M,1
Raj,M,1
Edmilton,M,1
Jakson,M,1
Mathieu,M,1
Liroy,M,1
Agampreet,M,1
Dibyan,M,1
Hakan,M,1
Satyam,M,1
Prince,M,1
Marino,M,1
Hong,M,1
Páris,M,1
Adama,M,1
Haiden,M,1
Sírius,M,1
Vladislav,M,1
Brânny,M,1
Sambridha,M,1
Alexandros,M,1
Janilson,M,1
Akhmad,M,1
Guto,M,1
Octávio,M,1
Ryaan,M,1
Maximilen,M,1
Devan,M,1
Prachi,M,1
Maximiliano,M,1
Andre,M,1
Avelino,M,1
Jackson,M,1
Yousef,M,1
Lyon,M,1
Lorenzó,M,1
Luaty,M,1
Djuliann,M,1
Sylvain,M,1
Bishes,M,1
John,M,1
Shohrat,M,1
Ravidson,M,1
Sithil,M,1
Jonathane,M,1
Juliann,M,1
Miguelangelo,M,1
Jovanny,M,1
Djenilson,M,1
Natanyel,M,1
Abdoul,M,1
Younes,M,1
Deimon,M,1
Terry,M,1
Mylan,M,1
Morgan,M,1
Tyrese,M,1
Hayden,M,1
Rôman,M,1
Mikha',M,1
Johan,M,1
Samba,M,1
Bohdan,M,1
Djames,M,1
Mahir,M,1
Benner,M,1
Aslan,M,1
Dilraaj,M,1
Henda,M,1
Praneet,M,1
Wolf,M,1
Tyler,M,1
Allan,M,1
Godfrey,M,1
Harshil,M,1
Mars,M,1
Kenzu,M,1
Laudinei,M,1
Jelson,M,1
SALVADOR,M,1
Alexsander,M,1
Nolan,M,1
Anatol,M,1
Eliene,M,1
Santiago,I,1
Carlota,F,1
Palina,F,1
Kareena,F,1
Deya,F,1
Dilreet,F,1
Alix,F,1
Marilza,F,1
Aavani,F,1
Ryhanna,F,1
Yenna,F,1
Janilza,F,1
Ciline,F,1
Merciane,F,1
Sian,F,1
Lucy,F,1
Yanna,F,1
Shireen,F,1
Svenya,F,1
Antonella,F,1
Muen,F,1
Lunara,F,1
Jasmina,F,1
Bassiratu,F,1
Francelina,F,1
Dariana,F,1
Nísia,F,1
Nicky,F,1
Tayanne,F,1
Anastásia,F,1
Juli,F,1
Kelsy,F,1
Raiana,F,1
Bailo,F,1
Rozalinda,F,1
Whitney,F,1
Alyra,F,1
Peyton,F,1
Sarika,F,1
Leninha,F,1
Lemba,F,1
Guilhermina,F,1
Rejhane,F,1
Cheng,F,1
Emilangela,F,1
Joelma,F,1
Ariany,F,1
Allegra,F,1
Kéren,F,1
Maisah,F,1
Krisnnara,F,1
Sherley,F,1
Aleksandra,F,1
Priscienne,F,1
Dyanna,F,1
Ainoa,F,1
Tita,F,1
Águeda,F,1
Keila,F,1
Kauara,F,1
Iok,F,1
Shakira,F,1
Misthi,F,1
Gabi,F,1
Goreti,F,1
Ibadat,F,1
Nahry,F,1
Sam,F,1
Chrisângella,F,1
Dishti,F,1
Safiye,F,1
Vaishnavi,F,1
Dayanna,F,1
Vinisha,F,1
Mireia,F,1
Riva,F,1
Yeda,F,1
Kherunissa,F,1
Ariella,F,1
Zaíne,F,1
kellyne,F,1
Neivania,F,1
Penka,F,1
Lilianna,F,1
Reeva,F,1
Álison,F,1
Yashika,F,1
Maisa,F,1
Énia,F,1
Mariya,F,1
Jeysse,F,1
Saran,F,1
Hadriela,F,1
Licínia,F,1
Mirian,F,1
Mira,F,1
Kassimara,F,1
Urwa,F,1
Kezia,F,1
Éma,F,1
Nihal,F,1
Layana,F,1
Nene,F,1
Vilma,F,1
Yvana,F,1
Eilla,F,1
Helloisa,F,1
Cármina,F,1
Aimee,F,1
Dhafne,F,1
Maxine,F,1
Aylla,F,1
Shayenne,F,1
Zuri,F,1
Akilah,F,1
Jeanne,F,1
Winnye,F,1
Simy,F,1
Kaylanne,F,1
Kélsia,F,1
Zahraa,F,1
Naara,F,1
Wyatt,F,1
Louana,F,1
Meyde,F,1
Vadeleisy,F,1
Livya,F,1
Esha,F,1
verónica,F,1
Ricarda,F,1
Sáfira,F,1
Conceição,F,1
Billca,F,1
Epifânia,F,1
Almedina,F,1
Armeet,F,1
Hei,F,1
Dionísia,F,1
Lathifa,F,1
Céline,F,1
Inga,F,1
Marília,F,1
Luriane,F,1
Meng,F,1
Eliara,F,1
Lunah,F,1
Quésia,F,1
Nalan,F,1
Kénia,F,1
Sevgina,F,1
Yahan,F,1
Reandra,F,1
Crislynn,F,1
Cínara,F,1
Janircia,F,1
Jazmin,F,1
Elizete,F,1
Belmira,F,1
Jhennifer,F,1
Jamilly,F,1
Ándressa,F,1
Harpritam,F,1
Eniraide,F,1
Rosário,F,1
Jin,F,1
Juliê,F,1
Rose,F,1
Snezhana,F,1
Trefa,F,1
Biani,F,1
Janna,F,1
Hailie,F,1
Rabia,F,1
Saphira,F,1
Nikolly,F,1
Belén,F,1
Leónia,F,1
Anaíce,F,1
Hayley,F,1
Aneta,F,1
Albertina,F,1
Kamilla,F,1
Eléonore,F,1
Tiguidanke,F,1
Yunxuan,F,1
Leonna,F,1
Rosângela,F,1
Aarayna,F,1
Uhenia,F,1
Zia,F,1
Thailize,F,1
Lukénia,F,1
Heidynazia,F,1
Ishtmeet,F,1
Alimatu,F,1
Yacine,F,1
Kevin,F,1
Krissandra,F,1
Jandria,F,1
Paz,F,1
Rashi,F,1
Yosmara,F,1
Kajatou,F,1
Faiza,F,1
Angilina,F,1
Krutgna,F,1
Iqra,F,1
Mea,F,1
Nelssy,F,1
Pema,F,1
Maryah,F,1
Djanira,F,1
Fateh,F,1
Hulematu,F,1
Helainy,F,1
Orquídea,F,1
Jaqui,F,1
Maahniya,F,1
Agrata,F,1
Reniala,F,1
Arline,F,1
Bercina,F,1
Nika,F,1
Joaninha,F,1
Eryka,F,1
Lexie,F,1
Rossana,F,1
Kharen,F,1
Ariely,F,1
Nalini,F,1
Otchaly,F,1
Tesla,F,1
Teysir,F,1
Thaissa,F,1
Nala,F,1
Lorea,F,1
Ayllah,F,1
Aircia,F,1
Christiany,F,1
Tyciane,F,1
Júnia,F,1
Valquíria,F,1
Nayuca,F,1
Juna,F,1
Shaira,F,1
Zita,F,1
Runa,F,1
Trisha,F,1
Layla,F,1
Parbhjot,F,1
Wadyla,F,1
Maribel,F,1
Elizaveta,F,1
Stéphanie,F,1
Juliany,F,1
Alyse,F,1
Rosangela,F,1
Pratha,F,1
Rüya,F,1
Cesaltina,F,1
Yoenne,F,1
Núrya,F,1
Myany,F,1
Sintya,F,1
Trinity,F,1
Sánya,F,1
Adje,F,1
Loana,F,1
Jasleen,F,1
Luniva,F,1
Élika,F,1
Sheryl,F,1
Leana,F,1
Daniely,F,1
Yesmin,F,1
Kenya,F,1
Anyara,F,1
Mame,F,1
Raphaella,F,1
Miryam,F,1
Sahira,F,1
Sanvi,F,1
Zelda,F,1
Mya,F,1
Elly,F,1
Margaret,F,1
Edma,F,1
Eloïse,F,1
Marilda,F,1
Mileida,F,1
Deiziane,F,1
Savaana,F,1
Margherita,F,1
Seemoon,F,1
Nami,F,1
Marlita,F,1
Mayane,F,1
Kwima,F,1
Veronica,F,1
Wendie,F,1
Valdira,F,1
Azaleia,F,1
Lou,F,1
Christiane,F,1
Jucelene,F,1
Felicidade,F,1
Quézia,F,1
Aine,F,1
Skyla,F,1
Sadagi,F,1
Anaise,F,1
Laureana,F,1
Lethícia,F,1
Zainab,F,1
Lauren,F,1
Tarine,F,1
Aira,F,1
Vanuza,F,1
Kayera,F,1
Hazel,F,1
Diamanta,F,1
Gilsa,F,1
Lúcileny,F,1
Kassia,F,1
Joalete,F,1
Dhani,F,1
Sarayu,F,1
Or,F,1
Nené,F,1
Seeratjot,F,1
Viktória,F,1
Aliara,F,1
Oriane,F,1
Japman,F,1
Heliamar,F,1
Jasmin,F,1
Ailinne,F,1
Lauane,F,1
Jéssyca,F,1
Thyana,F,1
Dafeny,F,1
Lukenya,F,1
Ludmila,F,1
Elianne,F,1
Annye-Keller,F,1
Simrit,F,1
Hibba,F,1
Cremilda,F,1
Sabrine,F,1
Nzambi,F,1
Gerulza,F,1
Alesia,F,1
Rubi,F,1
Anqi,F,1
Yukti,F,1
Adja,F,1
Hilda,F,1
Navsirat,F,1
Arlinda,F,1
Marysol,F,1
Tomásia,F,1
Elinise,F,1
Roslina,F,1
Lacey,F,1
Penelope,F,1
Tamirys,F,1
Gabriely,F,1
Emmy,F,1
Máriyah,F,1
Harriet,F,1
Ruxi,F,1
Fábio,F,1
Amelie,F,1
Jenifer,F,1
Thamara,F,1
Nazariel,F,1
Assma,F,1
Aliyya,F,1
Samrina,F,1
Ellie-Rosa,F,1
Abrish,F,1
Annabelle,F,1
Léna,F,1
Manahil,F,1
Raísa,F,1
Zeinaba,F,1
Alcíone,F,1
Alva,F,1
Zeina,F,1
Iliana,F,1
Beizhenni,F,1
Kailane,F,1
Angélika,F,1
Kely,F,1
Josefa,F,1
Crislainny,F,1
keilla,F,1
Ifeoma,F,1
Reyna,F,1
Maria-Luiza,F,1
Berta,F,1
Pyetra,F,1
Tchimalia,F,1
Kattleya,F,1
Karmjot,F,1
Umaiza,F,1
Alifiyah,F,1
Aliciane,F,1
Harshine,F,1
Ezinne,F,1
Ryara,F,1
Moana,F,1
Uliana,F,1
Ivy,F,1
Ayan,F,1
Idaira,F,1
Maureen,F,1
Samreen,F,1
Cynthia,F,1
Alliyah,F,1
Mazea,F,1
Sénia,F,1
Simarpreet,F,1
Pia,F,1
Maida,F,1
Txissola,F,1
Imayame,F,1
Seara,F,1
Brianna,F,1
Naia,F,1
Jeshmi,F,1
Vadilsa,F,1
Lorie,F,1
Annaluz,F,1
Allice,F,1
Aamna,F,1
Hassanatou,F,1
Zenaide,F,1
Natércia,F,1
Josemara,F,1
Hayla,F,1
Khadidiato,F,1
Purvi,F,1
Wilfania,F,1
Késsia,F,1
Alexanne,F,1
Helena-Edi,F,1
Kiratiya,F,1
Raisa,F,1
Minka,F,1
Ivanna,F,1
Bigya,F,1
Estir,F,1
Monica,F,1
Cailany,F,1
Destiny,F,1
Thaynara,F,1
Nelciane,F,1
Yunilsa,F,1
Xila,F,1
kyara,F,1
Dyanne,F,1
Salome,F,1
Atena,F,1
Weza,F,1
Khiara,F,1
Elise,F,1
Anika,F,1
Mehak,F,1
Yasmira,F,1
Jannah,F,1
Candice,F,1
Velisha,F,1
Yaël,F,1
Divhya,F,1
Szabrina,F,1
Hedji,F,1
Hélcia,F,1
Anaíss,F,1
Cadijatu,F,1
Talita,F,1
Eloísa,F,1
Jayde,F,1
Fauzi,F,1
Nhalim,F,1
Ying,F,1
Yaqi,F,1
Jessana,F,1
Catharina,F,1
Harleen,F,1
Jaciara,F,1
Aitana,F,1
Hayat,F,1
Leya,F,1
Maggui,F,1
Elayne,F,1
Áquila,F,1
Rubyana,F,1
Yi,F,1
Dana,F,1
Ellena,F,1
Hassatou,F,1
Arsénia,F,1
Asvi,F,1
Poliana,F,1
Iacénia,F,1
Izidora,F,1
Túlia,F,1
Vacilissa,F,1
Mikaelly,F,1
Loide,F,1
Otniela,F,1
Ella-Rae,F,1
Yachne,F,1
Natshara,F,1
Aizimara,F,1
Virna,F,1
Ci,F,1
Mahdia,F,1
Lianny,F,1
Neidiane,F,1
Maéline,F,1
Evellyn,F,1
Natchala,F,1
Rebeca-Andreea,F,1
Xavia,F,1
Ranya,F,1
Bryanna,F,1
Alannah,F,1
Joaquina,F,1
Ramatoullaye,F,1
Suryane,F,1
Nayeli,F,1
Macarena,F,1
Ariadna,F,1
Tabassom,F,1
Keissy,F,1
Zoey,F,1
Adelvia,F,1
Adalgiza,F,1
Wilmara,F,1
Deodata,F,1
Laidija,F,1
Amara,F,1
Zury,F,1
Thália,F,1
Varatchaya,F,1
Karimato,F,1
Manthima,F,1
Aashvi,F,1
Itiyani,F,1
Haydée,F,1
Imen,F,1
Catia,F,1
Alafair,F,1
Nadia,F,1
Edjane,F,1
Djalayne,F,1
Leonôr,F,1
Hurain,F,1
Pranshi,F,1
Aryana,F,1
Laysa,F,1
Tvaya,F,1
Gabrielli,F,1
Andriana,F,1
Nadya,F,1
Melania,F,1
Djara,F,1
Israa,F,1
Mellanye,F,1
Zuleica,F,1
Melynda,F,1
Aminadabe,F,1
Yanai,F,1
Foram,F,1
Rosamar,F,1
Blaydeti,F,1
En,F,1
Henriqueta,F,1
Chiziane,F,1
Assunção,F,1
Lucie,F,1
Ayanna,F,1
Perolah,F,1
Keylla,F,1
Magdalena,F,1
Irha,F,1
Siana,F,1
Cerasela,F,1
Noelia,F,1
Thais,F,1
Cristiane,F,1
Geashna,F,1
Yusandra,F,1
Maria-Luís,F,1
Soshthe,F,1
Mariamar,F,1
Shiqi,F,1
Jhulli,F,1
Heidy,F,1
Shirley,F,1
Ducelma,F,1
Rícia,F,1
Deborah,F,1
Jada,F,1
Késia,F,1
Feriel,F,1
Loreta,F,1
Oriany,F,1
Leonny,F,1
Talina,F,1
Marflor,F,1
Mélina,F,1
Íngride,F,1
Hebe,F,1
Miléna,F,1
Indira,F,1
Divine,F,1
Paris,F,1
Malaika,F,1
Sofi,F,1
Hariela,F,1
Emylle,F,1
Kaylen,F,1
Heloisa,F,1
Eléni,F,1
Adassa,F,1
Maisam,F,1
Yarong,F,1
Djamely,F,1
Maëva,F,1
Rhayssa,F,1
Eukene,F,1
Lucymar,F,1
Ligiane,F,1
Maeda,F,1
Aléxis,F,1
Natalina,F,1
Solomiya,F,1
Harneet,F,1
Parneet,F,1
Malía,F,1
Tsering,F,1
Cadidjato,F,1
Seynabou,F,1
Sury,F,1
Hália,F,1
Marline,F,1
Mufaro,F,1
Emmely,F,1
Julinha,F,1
Tanisha,F,1
Aaish,F,1
Ianny,F,1
Ary,F,1
Dadiva,F,1
Abril,F,1
Angie,F,1
Tida,F,1
Itzayana,F,1
Yriane,F,1
Lhayum,F,1
Cibelle,F,1
Sabina,F,1
Idíane,F,1
Kamila,F,1
Lyanie,F,1
Wenni,F,1
Filza,F,1
Francine,F,1
Adla,F,1
Fani,F,1
Yasmina,F,1
Meghan,F,1
Maguette,F,1
Esenia,F,1
Summayiah,F,1
Diamantina,F,1
Achia,F,1
Yana,F,1
Elcana,F,1
Oarpa,F,1
Suvana,F,1
Romana,F,1
Khaleesi,F,1
Miftaul,F,1
Parmit,F,1
Maristela,F,1
Aryna,F,1
Elle,F,1
Hilária,F,1
Yanice,F,1
Louison,F,1
Dura,F,1
Harnoor,F,1
Zeinea,F,1
Névia,F,1
Milinda,F,1
Ludima,F,1
Anna-Carolina,F,1
Kausar,F,1
Yásmine,F,1
Rihanna,F,1
Nourhane,F,1
Haziela,F,1
Dahira,F,1
Ainhoa,F,1
Ekati,F,1
Synne,F,1
Kayleigh,F,1
Nalaan,F,1
Farah,F,1
Andersa,F,1
Giada,F,1
Gianna,F,1
Marianna,F,1
Cacilda,F,1
Jadsleia,F,1
Enora,F,1
Izabel,F,1
Wiryam,F,1
Aishwarya,F,1
Paolla,F,1
Wilsia,F,1
Jacquelina,F,1
Naíde,F,1
Afonsa,F,1
Merydjene,F,1
Urvi,F,1
Leona,F,1
Ticiane,F,1
Taisiya,F,1
Feyme,F,1
Giana,F,1
Purvika,F,1
Loucia,F,1
Egali,F,1
Ayani,F,1
Ilona,F,1
Rosalie,F,1
Antonela,F,1
Rachaell,F,1
Manhaafrose,F,1
Shayanne,F,1
Juline,F,1
Deiselin,F,1
Nelly,F,1
Nauandy,F,1
Solomia,F,1
Valentyna,F,1
Marycel,F,1
Tamina,F,1
Cibele,F,1
Ândrya,F,1
Vanísa,F,1
Samanu,F,1
Nadja,F,1
Ludiany,F,1
Mansirat,F,1
Tempérance,F,1
Nerea,F,1
Amira,F,1
Dhara,F,1
Soline,F,1
Emelie,F,1
Skyeah,F,1
Yoanna,F,1
Deusa,F,1
Didiana,F,1
Naiane,F,1
Aizah,F,1
Harjot,F,1
Isabelly,F,1
Keilane,F,1
Emanuelly,F,1
Louise,F,1
Devi,F,1
Lyara,F,1
Hasana,F,1
María,F,1
Klaudia,F,1
Thyanne,F,1
Brighitte,F,1
Kiana,F,1
Diriane,F,1
Deepsikha,F,1
Gursimaran,F,1
Margariga,F,1
Aylin,F,1
Emmanuela,F,1
Melyssa,F,1
Nyhara,F,1
Haja,F,1
Ilayda,F,1
Netka,F,1
Segufta,F,1
Claudina,F,1
Melodie,F,1
Kyarah,F,1
Melânia,F,1
Ganjina,F,1
Nectaria,F,1
Ayala,F,1
Taisiea,F,1
Assiatou,F,1
Nyara,F,1
Djenyfer,F,1
Viola,F,1
Rinoyshka,F,1
Archel,F,1
Dhiya,F,1
Núbia,F,1
Leonara,F,1
Yuxuan,F,1
Mutiara,F,1
Yaresi,F,1
Bintou,F,1
Cristele,F,1
Anaela,F,1
Karynne,F,1
Nuriya,F,1
Ranielly,F,1
Alitaah,F,1
Nelcy,F,1
Ruelma,F,1
Mansi,F,1
Germália,F,1
Nurisha,F,1
Dóris,F,1
Abigael,F,1
Rosália,F,1
Evely,F,1
Maryana,F,1
Génesis,F,1
Kimora,F,1
Silvia,F,1
Nirina,F,1
Haniele,F,1
Mabel,F,1
Dayline,F,1
Keliany,F,1
Arabela,F,1
Iriana,F,1
Dineia,F,1
Jia,F,1
Nadezhda,F,1
Estefânia,F,1
Luriam,F,1
Ohana,F,1
Solomiia,F,1
Yaniris,F,1
Shu,F,1
Juanita,F,1
Darsika,F,1
Aatika,F,1
Leyane,F,1
Liv,F,1
Estevana,F,1
Aryanna,F,1
Sibila,F,1
Jeovania,F,1
Elga,F,1
Duarta,F,1
Kyanna,F,1
Le,F,1
Prishu,F,1
Nesilita,F,1
Indya,F,1
Suhana,F,1
Khaila,F,1
Isabelli,F,1
Estella,F,1
Keliane,F,1
Karinna,F,1
Aldaísa,F,1
Karoline,F,1
Misaela,F,1
Cimara,F,1
Subhashree,F,1
Hariane,F,1
Agustina,F,1
Sehajleen,F,1
Danielle,F,1
Saionara,F,1
Djaymily,F,1
Shantel,F,1
Aïda,F,1
Mehjabeen,F,1
Vanshika,F,1
Djamila,F,1
Citlali,F,1
Anghelina,F,1
Harvi,F,1
Armanda,F,1
Sunto,F,1
Katelynn,F,1
Excel,F,1
Tanveer,F,1
Fajar,F,1
Shafa,F,1
Ciliza,F,1
Kálida,F,1
Dalinda,F,1
Gurleen,F,1
lonela,F,1
Luane,F,1
Gina,F,1
Awayhame,F,1
Roshni,F,1
Baanipreet,F,1
Esperanza,F,1
Emelly,F,1
Manasvi,F,1
Henyan,F,1
Samarah,F,1
Dainy,F,1
Maëlys,F,1
Anabel,F,1
Katalleya,F,1
Tchawi,F,1
Alika,F,1
Jaqueline,F,1
Yula,F,1
Samavia,F,1
Jasmim,F,1
Rachael,F,1
Nkula,F,1
Sienna-Joan,F,1
Liciana,F,1
Illyana,F,1
Laetitia,F,1
Niki,F,1
Rosalina,F,1
Admin,F,1
Mabrouka,F,1
Luciene,F,1
Mama,F,1
Katie,F,1
Jane,F,1
Ranessa,F,1
Cidália,F,1
Gracie,F,1
Hosana,F,1
Isabelina,F,1
Foricusa,F,1
Kinia,F,1
Mathilda,F,1
Fabrizia,F,1
Paulina,F,1
Ananya,F,1
Thainara,F,1
Zabdi,F,1
Camélia,F,1
Gleich,F,1
Hislene,F,1
Lays,F,1
Lyanne,F,1
Eslin,F,1
Tara,F,1
Noah,F,1
Contança,F,1
Jani,F,1
Shayná,F,1
Rihana,F,1
Ella-Luena,F,1
Emi,F,1
Naèva,F,1
Ellana,F,1
Florbela,F,1
Selénia,F,1
Jeciani,F,1
Aldina,F,1
Firdaws,F,1
Shaíza,F,1
Anabia,F,1
Deema,F,1
Sacha,F,1
Edzana,F,1
Ilizany,F,1
Khloe,F,1
Surany,F,1
Varuksha,F,1
Ainoah,F,1
Harshit,F,1
Marciana,F,1
Layssa,F,1
Adyenne,F,1
Meiyi,F,1
Jaydin,F,1
Otchali,F,1
Kheylla,F,1
Rayana,F,1
Saanvi,F,1
Taciana,F,1
Lweji,F,1
Aneide,F,1
Suncar,F,1
Miria,F,1
Neidiany,F,1
Atika,F,1
Karin,F,1
Mariane,F,1
Joelcia,F,1
Jailsa,F,1
Camelia,F,1
Jeanete,F,1
Elettra,F,1
Jacyara,F,1
Mirna,F,1
Jemima,F,1
Prezia,F,1
Tayssa,F,1
Suzie,F,1
Gislaine,F,1
Aiza,F,1
Lua-Anu,F,1
Raycha,F,1
Olimpia,F,1
Marija,F,1
Lwena,F,1
Bryana,F,1
Viya,F,1
Tainara,F,1
Innayat,F,1
Edanna,F,1
Liliany,F,1
Luciena,F,1
Edine,F,1
Roxane,F,1
Verginiya,F,1
Naysha,F,1
Mymouna,F,1
Cataleya,F,1
Lidiane,F,1
Schayenne,F,1
Daryna,F,1
Ágatha,F,1
Émily,F,1
Enya,F,1
Anaisa,F,1
Abhinaya,F,1
Zahary,F,1
Hayah,F,1
Janete,F,1
Valcikleny,F,1
Lisdalyne,F,1
Elaisa,F,1
Layara,F,1
Kariany,F,1
Ivânia,F,1
Jackline,F,1
Malu,F,1
Cherry,F,1
Jeidy,F,1
Na,F,1
Scarllet,F,1
Jomila-Lucía,F,1
Yoélia,F,1
Franciela,F,1
Thérése,F,1
LEONOR,F,1
Caylainy,F,1
Lunna,F,1
Surya,F,1
Raiane,F,1
Romina,F,1
Nuélia,F,1
Yassmin,F,1
Sidhak,F,1
Lauryane,F,1
Micheli,F,1
Ditene,F,1
Willciany,F,1
Sabaahat,F,1
Nayr,F,1
Kédiany,F,1
Lumena,F,1
Laissa,F,1
Anuque,F,1
Jeisiane,F,1
Krishna,F,1
Krisha,F,1
Ivanilsa,F,1
Edda,F,1
Alisiya,F,1
Sumaia,F,1
Helene,F,1
Lylian,F,1
Carlos,F,1
Mayana,F,1
Shakila,F,1
Sâmia,F,1
Tiffany,F,1
Tina,F,1
Weziyane,F,1
Geanina,F,1
Krisma,F,1
Rubina,F,1
Quezia,F,1
Faatima,F,1
Harseerat,F,1
Aaliya,F,1
Quiana,F,1
Saly,F,1
Zaida,F,1
Alyanna,F,1
Lânica,F,1
Elisiane,F,1
Daizy,F,1
Elieta,F,1
Adelle,F,1
Nelsa,F,1
Amirah,F,1
Kelen,F,1
Dahaiana,F,1
Pranavi,F,1
Sueli,F,1
Lucía,F,1
Lucília,F,1
Ima,F,1
Herminiana,F,1
Safaa,F,1
Jumina,F,1
Imaan,F,1
Gursirat,F,1
Kaylin,F,1
Elouise,F,1
Rossandra,F,1
Paola,F,1
Gaitana,F,1
Akyra,F,1
Aluiny,F,1
Livia,F,1
Elina,F,1
Jannatul,F,1
Lanna,F,1
Yuval,F,1
Kaylla,F,1
Zenilda,F,1
Hellen,F,1
Samily,F,1
Estelle,F,1
Cerys,F,1
Neivalda,F,1
Cleiliana,F,1
Zenna,F,1
Berenice,F,1
Madail,F,1
Joseany,F,1
Anaïsse,F,1
Elyanna,F,1
Amaia,F,1
Debbora,F,1
Aissatú,F,1
Man,F,1
Jayed,F,1
Japji,F,1
Mahideep,F,1
Grazielly,F,1
Anny,F,1
Daiana,F,1
Letissia,F,1
Edlynne,F,1
Jeanine,F,1
Ilinca,F,1
Emilia,F,1
Mei,F,1
Pamela,F,1
Arianna,F,1
Tomomi,F,1
Idália,F,1
Nigeta,F,1
Jashandeep,F,1
Roziane,F,1
Priyanshi,F,1
Zooey,F,1
Annie,F,1
Quessia,F,1
Jannat,F,1
Nicoly,F,1
Lwezzy,F,1
Ouxuan,F,1
Jihane,F,1
Surbani,F,1
Yiyi,F,1
Ivanise,F,1
Adriele,F,1
Saffira,F,1
Radija,F,1
Aryhel,F,1
Filippa,F,1
Gyovanna,F,1
Layena,F,1
Luara,F,1
Gabryella,F,1
Vivien,F,1
Bebiana,F,1
Mayce,F,1
Ojasvi,F,1
Awa,F,1
Pettra,F,1
Catrina,F,1
Eléa,F,1
Jonyfer,F,1
Rhuana,F,1
Kadidjatou,F,1
Daizara,F,1
Qiana,F,1
Lenise,F,1
Dilbar,F,1
Aíko,F,1
Niara,F,1
Kenzi,F,1
Wilma,F,1
Nkiame,F,1
Catyleia,F,1
Zayra,F,1
Haianne,F,1
Yazmine,F,1
Djestiny,F,1
Olga,F,1
Yolanda,F,1
Hedviges,F,1
Anayah,F,1
Andra-Ioana,F,1
Arsh,F,1
Ruhanika,F,1
Roshalreet,F,1
Johanna,F,1
Silvéria,F,1
Eulina,F,1
Nhiblo,F,1
Kija,F,1
Marciela,F,1
Kristelle,F,1
Janaina,F,1
Yoana,F,1
Chriszane,F,1
Basant,F,1
Heliana,F,1
Yaye,F,1
Linette,F,1
Henedina,F,1
Kadiatou,F,1
Anaíze,F,1
Sendy,F,1
Ambre,F,1
Gênesis,F,1
Grabriela,F,1
Irma,F,1
Sádiya,F,1
Sirisha,F,1
Xinyao,F,1
Aidin,F,1
Nikole,F,1
Amber,F,1
Suzanne,F,1
Elisete,F,1
Yelyzaveta,F,1
Valeska,F,1
Cécile,F,1
Jenaína,F,1
Amarachi,F,1
Efsun,F,1
Henriette,F,1
Sesili,F,1
Raylla,F,1
Kishani,F,1
Haylla,F,1
Yadira,F,1
Jocyara,F,1
Dimana,F,1
Maeva,F,1
Katharina,F,1
Xi,F,1
Ruhiyah,F,1
Vítória,F,1
Leane,F,1
Horrana,F,1
Shanaya,F,1
Mical,F,1
Jaddy,F,1
Kaelyn,F,1
Yesly,F,1
Gislene,F,1
Kámya,F,1
Scarlet,F,1
Deva,F,1
Rickyana,F,1
Edina,F,1
Inaaya,F,1
Anércia,F,1
Yeve,F,1
Ysabella,F,1
Necline,F,1
Kayssa,F,1
Sonilda,F,1
Nhangi,F,1
Ileana,F,1
Jewel,F,1
Clementine,F,1
Manaia,F,1
Kassie,F,1
Cadijá,F,1
Kiamy,F,1
Megan,F,1
Vallentyna,F,1
Ruixiao,F,1
Aguinalda,F,1
Adele,F,1
Ya,F,1
Marieta,F,1
Rijula,F,1
Laiyanne,F,1
Priscianne,F,1
Nayanka,F,1
Hareem,F,1
Adelyna,F,1
Aymê,F,1
Ayami,F,1
Dádiva,F,1
Neise,F,1
Izaine,F,1
Océane,F,1
Wailani,F,1
Pietra,F,1
Kássia,F,1
Daenerys,F,1
Agatha,F,1
Hayden,F,1
Oana,F,1
Candy,F,1
Georgina,F,1
Eline,F,1
Maal,F,1
Raseel,F,1
Léanna,F,1
Gena,F,1
Janne,F,1
Wilta,F,1
Agnia,F,1
Beline,F,1
Etsana,F,1
Rubsyn,F,1
Abinara,F,1
Darina,F,1
Rushafi,F,1
Sheng,F,1
Gracinda,F,1
Cayetana,F,1
Mycaella,F,1
Priscilla,F,1
Azura,F,1
Diany,F,1
Dayanne,F,1
Faira,F,1
Gurnoor,F,1
Ines,F,1
Keissim,F,1
Césarda,F,1
Agneta,F,1
Darpana,F,1
Izdínya,F,1
Josélia,F,1
Laíssa,F,1
Kâssya,F,1
Azul,F,1
Jucemara,F,1
Azka,F,1
Yasaswi,F,1
Vanica,F,1
Rauanny,F,1
Adrielle,F,1
Inaya,F,1
Tírsia,F,1
Rahma,F,1
Krishti,F,1
Ainny,F,1
Aldana,F,1
Leea-Miriam,F,1
Thacyla,F,1
Wayame,F,1
Evgeniya,F,1
Rachel,F,1
Naleyde,F,1
Anya,F,1
Brunilde,F,1
Vanusa,F,1
Njolela,F,1
Ediana,F,1
Laine,F,1
Claudia,F,1
Josana,F,1
Dária,F,1
Krishpa,F,1
Lúriah,F,1
Erioluwa,F,1
Alciany,F,1
Sukeny,F,1
Andressa,F,1
Alania,F,1
Vladyslava,F,1
Liduína,F,1
Zinaida,F,1
MARA,F,1
Sibelle,F,1
Geovanna,F,1
Amalia,F,1
Sira,F,1
Helda,F,1
Ayssa,F,1
Lucile,F,1
Kayani,F,1
Catherine,F,1
Tuzolana,F,1
Mayza,F,1
Aniana,F,1
Tanok,F,1
Laisa,F,1
Smily,F,1
Lissa,F,1
Vittoria,F,1
Álcya,F,1
Bohdana,F,1
Naïara,F,1
Madercia,F,1
Rabab,F,1
Eugenia,F,1
Mileide,F,1
Raiba,F,1
Ìris,F,1
Xuantong,F,1
Iaraslava,F,1
Ishaani,F,1
Brooklyn,F,1
Yasmini,F,1
Hillary,F,1
Vriya,F,1
Andreajacint,F,1
Alyne,F,1
Muqadas,F,1
Rochoyeta,F,1