,nome,genero,numero
0,Santiago,M,1914
1,Francisco,M,1772
2,João,M,1708
3,Afonso,M,1479
4,Rodrigo,M,1420
5,Martim,M,1334
6,Tomás,M,1257
7,Duarte,M,1220
8,Miguel,M,1201
9,Gabriel,M,1182
10,Lourenço,M,1115
11,Gonçalo,M,1070
12,Dinis,M,1034
13,Guilherme,M,1008
14,Pedro,M,996
15,Salvador,M,907
16,Rafael,M,899
17,Lucas,M,893
18,Tiago,M,855
19,Gustavo,M,795
20,Diogo,M,767
21,Vicente,M,718
22,José,M,703
23,David,M,626
24,Mateus,M,618
25,Simão,M,596
26,António,M,532
27,Diego,M,532
28,Manuel,M,529
29,Henrique,M,509
30,Daniel,M,472
31,Vasco,M,456
32,Bernardo,M,446
33,Enzo,M,413
34,André,M,399
35,Leonardo,M,397
36,Luís,M,317
37,Isaac,M,316
38,Eduardo,M,288
39,Alexandre,M,260
40,Kevin,M,234
41,Matias,M,232
42,Leandro,M,209
43,Filipe,M,203
44,Xavier,M,184
45,Rúben,M,183
46,Samuel,M,173
47,Ricardo,M,168
48,Artur,M,165
49,Valentim,M,162
50,Frederico,M,153
51,Lorenzo,M,145
52,Bryan,M,139
53,Bruno,M,138
54,Nuno,M,132
55,Benjamim,M,130
56,Carlos,M,128
57,Sebastião,M,123
58,Rui,M,119
59,Davi,M,108
60,Hugo,M,106
61,Noah,M,98
62,Joaquim,M,85
63,Mário,M,80
64,Tomé,M,80
65,Fábio,M,70
66,Paulo,M,68
67,Manel,M,67
68,Renato,M,66
69,Jorge,M,65
70,Jaime,M,63
71,Marco,M,61
72,Ângelo,M,57
73,Micael,M,55
74,Liam,M,53
75,Ivan,M,52
76,Matheus,M,52
77,William,M,50
78,Gaspar,M,49
79,Cristiano,M,48
80,Luca,M,46
81,Jonathan,M,46
82,Sérgio,M,43
83,Gil,M,43
84,Ivo,M,41
85,Brian,M,39
86,Arthur,M,39
87,Christian,M,39
88,Vítor,M,38
89,Yuri,M,37
90,Fernando,M,36
91,Dilan,M,36
92,Romeu,M,36
93,Caio,M,35
94,Isac,M,34
95,Emanuel,M,34
96,Sandro,M,34
97,Igor,M,33
98,Moisés,M,33
99,Mauro,M,31
100,César,M,31
101,Josué,M,31
102,Edgar,M,31
103,Elias,M,31
104,Victor,M,30
105,Joel,M,30
106,Alex,M,28
107,Telmo,M,28
108,Denis,M,27
109,Marcelo,M,27
110,Adrien,M,27
111,Álvaro,M,27
112,Dylan,M,27
113,Raúl,M,27
114,Muhammad,M,26
115,Nelson,M,26
116,Dário,M,26
117,Oliver,M,26
118,Thiago,M,26
119,Ismael,M,25
120,Márcio,M,24
121,Ian,M,24
122,Lisandro,M,24
123,Erik,M,23
124,Cláudio,M,23
125,Heitor,M,23
126,Martinho,M,23
127,Leo,M,22
128,Jonas,M,22
129,Wilson,M,22
130,Júlio,M,21
131,Caetano,M,21
132,Benjamin,M,21
133,Adriano,M,21
134,Raphael,M,21
135,Augusto,M,21
136,Martin,M,20
137,Marcos,M,20
138,Eric,M,20
139,Flávio,M,20
140,Mikael,M,18
141,Erick,M,18
142,Jason,M,18
143,James,M,18
144,Danilo,M,17
145,Adam,M,17
146,Levi,M,16
147,Mateo,M,16
148,Kelvin,M,16
149,Nicolas,M,16
150,Sebastian,M,16
151,Cauã,M,16
152,Thomas,M,15
153,Isaque,M,15
154,Misael,M,15
155,Alberto,M,15
156,Israel,M,15
157,Edson,M,15
158,Luan,M,15
159,Lukas,M,15
160,Mark,M,15
161,Ruben,M,14
162,Adriel,M,14
163,Jesus,M,14
164,Domingos,M,14
165,Denzel,M,13
166,Apolo,M,13
167,Ary,M,13
168,Alan,M,13
169,Nicolau,M,13
170,Alfredo,M,13
171,Kévim,M,12
172,Axel,M,12
173,Patrick,M,12
174,Giovani,M,12
175,Gerson,M,12
176,Aron,M,12
177,Luis,M,12
178,Leonel,M,12
179,Wesley,M,11
180,Ari,M,11
181,Roberto,M,11
182,Hélder,M,11
183,Vitor,M,11
184,Fausto,M,11
185,Joshua,M,11
186,Gael,M,11
187,Adonai,M,11
188,Henry,M,11
189,Cristóvão,M,10
190,Nathan,M,10
191,Rogério,M,10
192,Caleb,M,10
193,Fabrício,M,10
194,Valentino,M,10
195,Noé,M,10
196,Luka,M,10
197,Armando,M,10
198,Stefan,M,10
199,Bartolomeu,M,10
200,Anthony,M,10
201,Adrian,M,10
202,Samir,M,10
203,Ravi,M,9
204,Derick,M,9
205,Ryan,M,9
206,Luciano,M,9
207,Estêvão,M,9
208,Theo,M,9
209,Cristian,M,9
210,Anderson,M,9
211,Davide,M,9
212,Abel,M,9
213,Ezequiel,M,9
214,Nataniel,M,9
215,Lucca,M,9
216,Dominic,M,9
217,Théo,M,9
218,Alexander,M,8
219,Isaías,M,8
220,Lopo,M,8
221,Marcus,M,8
222,Maxim,M,8
223,Iúri,M,8
224,Diniz,M,8
225,Amadeu,M,8
226,Oscar,M,8
227,Haniel,M,8
228,Lázaro,M,8
229,Ulisses,M,8
230,Léo,M,8
231,Alexandru,M,8
232,Raul,M,8
233,Jessé,M,7
234,Max,M,7
235,Steven,M,7
236,Ernesto,M,7
237,Leon,M,7
238,Maurício,M,7
239,Mohammad,M,7
240,Felipe,M,7
241,Kendrick,M,7
242,Filip,M,7
243,Juliano,M,7
244,Angélico,M,7
245,Rubén,M,7
246,Édi,M,7
247,Enrique,M,7
248,Lourenzo,M,6
249,Damien,M,6
250,Osvaldo,M,6
251,Aléxis,M,6
252,Zion,M,6
253,Matteo,M,6
254,Omar,M,6
255,Eduard,M,6
256,Zayn,M,6
257,Jayden,M,6
258,Kenny,M,6
259,Rubim,M,6
260,Olavo,M,6
261,Jonatã,M,6
262,Tierri,M,6
263,Bogdan,M,6
264,Kenzo,M,6
265,Aaron,M,6
266,Saulo,M,6
267,Pietro,M,6
268,Kai,M,6
269,Breno,M,6
270,Jair,M,6
271,Helder,M,6
272,Uriel,M,6
273,Luiz,M,6
274,Rayan,M,5
275,Mohammed,M,5
276,Dante,M,5
277,Aiden,M,5
278,Jackson,M,5
279,Fred,M,5
280,Amir,M,5
281,Stephan,M,5
282,Mamadou,M,5
283,Valdemar,M,5
284,Jóni,M,5
285,Evan,M,5
286,Hazael,M,5
287,Fabiano,M,5
288,Ibrahim,M,5
289,Juan,M,5
290,Robert,M,5
291,Michael,M,5
292,Natanael,M,5
293,Aayan,M,5
294,Hélio,M,5
295,Adilson,M,5
296,Éder,M,5
297,Silvestre,M,5
298,Jordan,M,5
299,Tito,M,5
300,Taylor,M,5
301,Logan,M,5
302,Leonard,M,5
303,Júnior,M,5
304,Bento,M,5
305,Kévin,M,5
306,Gui,M,5
307,Aryan,M,5
308,Pablo,M,5
309,Jónatas,M,5
310,Elvis,M,5
311,Joabe,M,5
312,Alonso,M,4
313,Jefferson,M,4
314,Deivid,M,4
315,Darius,M,4
316,Serigne,M,4
317,Eli,M,4
318,Giovanni,M,4
319,Romão,M,4
320,Félix,M,4
321,Daniil,M,4
322,Kaique,M,4
323,Kauã,M,4
324,George,M,4
325,Mathias,M,4
326,Vladislav,M,4
327,Adrián,M,4
328,Rúdi,M,4
329,Kylian,M,4
330,Gilson,M,4
331,Damian,M,4
332,Gastão,M,4
333,Ianis,M,4
334,Azael,M,4
335,Cael,M,4
336,Mickael,M,4
337,Jack,M,4
338,Sam,M,4
339,Angelo,M,4
340,Fabio,M,4
341,Alejandro,M,4
342,Isael,M,4
343,Francesco,M,4
344,Valentin,M,4
345,Aarav,M,4
346,Kirill,M,4
347,Andrei,M,4
348,Mohamed,M,4
349,Dénis,M,4
350,Abner,M,4
351,Roman,M,4
352,Adolfo,M,4
353,Gilberto,M,4
354,Óscar,M,4
355,Daví,M,4
356,Artem,M,4
357,Kelson,M,4
358,Ayan,M,4
359,Antonio,M,4
360,Timur,M,4
361,Lyan,M,4
362,Ruan,M,4
363,Louis,M,4
364,Salomão,M,4
365,Simon,M,4
366,Willian,M,4
367,Dávi,M,4
368,Matthew,M,4
369,Romeo,M,4
370,Kauan,M,4
371,Iago,M,4
372,Tobias,M,4
373,Nilson,M,4
374,Kayden,M,4
375,Mílton,M,4
376,Ahmed,M,4
377,Ibrahima,M,4
378,Julian,M,4
379,Agostinho,M,4
380,Lenny,M,4
381,Abraim,M,4
382,Eliel,M,4
383,Hendrick,M,3
384,Aleks,M,3
385,Vinícius,M,3
386,Ethan,M,3
387,Allan,M,3
388,Abdullah,M,3
389,Jacob,M,3
390,Kevyn,M,3
391,Nikolas,M,3
392,Edmar,M,3
393,Nikita,M,3
394,Vlad,M,3
395,Murilo,M,3
396,Baltasar,M,3
397,Acácio,M,3
398,Elijah,M,3
399,Yaroslav,M,3
400,Dino,M,3
401,Jeremias,M,3
402,Válter,M,3
403,Anselmo,M,3
404,Licínio,M,3
405,Djeison,M,3
406,Baltazar,M,3
407,René,M,3
408,Edmilson,M,3
409,Aleksandr,M,3
410,Thierry,M,3
411,Élson,M,3
412,Eugénio,M,3
413,Oleksandr,M,3
414,Reyansh,M,3
415,Sami,M,3
416,Arham,M,3
417,Edward,M,3
418,Andrew,M,3
419,Yannick,M,3
420,Rodolfo,M,3
421,Ronaldo,M,3
422,Yi,M,3
423,Michel,M,3
424,Lúcio,M,3
425,Maksim,M,3
426,Elísio,M,3
427,Eliab,M,3
428,Eliezer,M,3
429,Gelson,M,3
430,Mihai,M,3
431,Humberto,M,3
432,Elói,M,3
433,Denilson,M,3
434,Viriato,M,3
435,Mason,M,3
436,Mateu,M,3
437,Harry,M,3
438,Sidney,M,3
439,Orlando,M,3
440,Andriy,M,3
441,Davy,M,3
442,Átila,M,3
443,Jairo,M,3
444,Sílvio,M,3
445,Ilídio,M,3
446,Amílcar,M,3
447,Emmanuel,M,3
448,Dani,M,3
449,Nilton,M,3
450,Matvey,M,3
451,Serafim,M,3
452,Mario,M,3
453,Evandro,M,3
454,Arlindo,M,3
455,Kian,M,3
456,Edilson,M,3
457,Mélvin,M,3
458,Ederson,M,3
459,Walter,M,3
460,Keven,M,3
461,Nicolás,M,3
462,Kleyton,M,3
463,Josias,M,3
464,Gonzalo,M,3
465,Adelino,M,3
466,Iker,M,3
467,Marius,M,3
468,Aahan,M,3
469,Demian,M,3
470,Jayson,M,3
471,Arnaldo,M,3
472,Ariel,M,3
473,Ildo,M,3
474,Owen,M,3
475,Anilson,M,3
476,Célio,M,3
477,Eliézer,M,3
478,Délcio,M,3
479,Jean,M,3
480,Musa,M,3
481,Riyansh,M,2
482,Marvin,M,2
483,Aleksander,M,2
484,Djeyson,M,2
485,Dumitru,M,2
486,Maël,M,2
487,Franklin,M,2
488,Theodoro,M,2
489,Áureo,M,2
490,Sandiego,M,2
491,Calebe,M,2
492,Ódin,M,2
493,Abraão,M,2
494,Décio,M,2
495,Fabrizio,M,2
496,Yannis,M,2
497,Leone,M,2
498,Saif,M,2
499,Saliou,M,2
500,Marko,M,2
501,Yuvraj,M,2
502,Kimi,M,2
503,Tian,M,2
504,Gonzaga,M,2
505,Óliver,M,2
506,Benício,M,2
507,Aramis,M,2
508,Fabian,M,2
509,Seco,M,2
510,Vital,M,2
511,Sahas,M,2
512,Matei,M,2
513,Oceano,M,2
514,Amine,M,2
515,Jawad,M,2
516,Youssef,M,2
517,Emir,M,2
518,Jay,M,2
519,Danylo,M,2
520,Jailson,M,2
521,Kiame,M,2
522,Yohan,M,2
523,Jasmim,M,2
524,Brayan,M,2
525,Élio,M,2
526,Jerry,M,2
527,Halley,M,2
528,Eden,M,2
529,Jacinto,M,2
530,Pak,M,2
531,Alessandro,M,2
532,Shayan,M,2
533,Euclides,M,2
534,Gianni,M,2
535,Martín,M,2
536,Aleksey,M,2
537,Dalton,M,2
538,Marlon,M,2
539,Hakeem,M,2
540,Conrado,M,2
541,Jad,M,2
542,Alexandro,M,2
543,Rihan,M,2
544,Hao,M,2
545,Adryan,M,2
546,Lauriano,M,2
547,Vincent,M,2
548,Willyan,M,2
549,Jerónimo,M,2
550,Enzi,M,2
551,Richard,M,2
552,Ayaan,M,2
553,Celso,M,2
554,Yeshua,M,2
555,Cédrick,M,2
556,Lewis,M,2
557,Aylan,M,2
558,Zyon,M,2
559,Fernão,M,2
560,Dimas,M,2
561,Jerson,M,2
562,Gurtej,M,2
563,Francis,M,2
564,Nélson,M,2
565,Dmytro,M,2
566,Albert,M,2
567,Calvin,M,2
568,Mauricio,M,2
569,Viaan,M,2
570,Timóteo,M,2
571,Dorian,M,2
572,Aarnav,M,2
573,Alexey,M,2
574,Gheorghe,M,2
575,Graciano,M,2
576,Anael,M,2
577,Keanu,M,2
578,Aurélio,M,2
579,Matheo,M,2
580,Emerson,M,2
581,Alcides,M,2
582,Kiese,M,2
583,Renan,M,2
584,Briyan,M,2
585,Vagner,M,2
586,Eros,M,2
587,Maksym,M,2
588,Bilal,M,2
589,Algassimou,M,2
590,Jimmy,M,2
591,Ishan,M,2
592,Ruby,M,2
593,Aleksandar,M,2
594,Amândio,M,2
595,Zorawar,M,2
596,Brayn,M,2
597,Ali,M,2
598,Luccas,M,2
599,Moussa,M,2
600,Mariano,M,2
601,Mankirat,M,2
602,Yanis,M,2
603,Sancho,M,2
604,Charlie,M,2
605,Silas,M,2
606,Philipp,M,2
607,Vando,M,2
608,Solano,M,2
609,Reinaldo,M,2
610,Toni,M,2
611,Bernardino,M,2
612,Messias,M,2
613,Sidnei,M,2
614,Kennedy,M,2
615,Abílio,M,2
616,Kiene,M,2
617,Nélio,M,2
618,Matviy,M,2
619,Fedor,M,2
620,Oumar,M,2
621,Braima,M,2
622,Rodney,M,2
623,Aquiles,M,2
624,Kaio,M,2
625,Ícaro,M,2
626,Matías,M,2
627,Valério,M,2
628,Emilio,M,2
629,Lyam,M,2
630,Aleksandre,M,2
631,Eder,M,2
632,Kelton,M,2
633,Zacarias,M,2
634,Dárcio,M,2
635,Maxwell,M,2
636,Christyan,M,2
637,Íven,M,2
638,Mattia,M,2
639,Jaden,M,2
640,Janai,M,2
641,Manassés,M,2
642,Thomás,M,2
643,Taha,M,2
644,Konstantin,M,2
645,Figo,M,2
646,Lincoln,M,2
647,Eleazar,M,2
648,Marcellus,M,2
649,Aires,M,2
650,Estevão,M,2
651,Hayden,M,2
652,Aidan,M,2
653,John,M,2
654,Hernâni,M,2
655,Aarush,M,2
656,Davidson,M,2
657,Derek,M,2
658,Narciso,M,2
659,Adílio,M,2
660,Levy,M,2
661,Prerak,M,2
662,Romário,M,2
663,Alfa,M,2
664,Nicollas,M,2
665,Etienne,M,2
666,Tyler,M,2
667,Mamadú,M,2
668,Manoel,M,2
669,Damião,M,2
670,Jelson,M,2
671,Weslley,M,2
672,Zyan,M,2
673,Bo,M,2
674,Érico,M,2
675,Unai,M,2
676,Aziz,M,2
677,Alvin,M,2
678,Asafe,M,2
679,Prince,M,2
680,Milton,M,2
681,Santhiago,M,2
682,Catalin,M,2
683,Abraham,M,2
684,Natan,M,2
685,Amilton,M,2
686,Felix,M,2
687,Eurico,M,2
688,Cesário,M,2
689,Nahyan,M,2
690,Allen,M,2
691,Carlo,M,2
692,Meet,M,2
693,Zeus,M,2
694,Bruce,M,2
695,Nikolay,M,2
696,Russel,M,2
697,Gurjas,M,2
698,Abubacar,M,2
699,Jonatas,M,2
700,Enrico,M,2
701,Suyog,M,2
702,Flavio,M,2
703,Luigi,M,2
704,Nikolai,M,2
705,Arsénio,M,2
706,Ioan,M,2
707,Magno,M,2
708,Wayne,M,2
709,Yu,M,2
710,Lucio,M,2
711,Dinarte,M,2
712,Aly,M,2
713,Yan,M,2
714,Henzo,M,2
715,Nirbesh,M,1
716,Priyan,M,1
717,Adab,M,1
718,Md,M,1
719,Ozan,M,1
720,Admar,M,1
721,Herisil,M,1
722,Raman,M,1
723,Edelmiro,M,1
724,Malcolm,M,1
725,Zafar,M,1
726,Johnatan,M,1
727,Mihail,M,1
728,Jia,M,1
729,Rullyan,M,1
730,Darsh,M,1
731,Ibra,M,1
732,Sehbaaz,M,1
733,Danielson,M,1
734,Priyank,M,1
735,Aimar,M,1
736,Tomaz,M,1
737,Zaaef,M,1
738,Khael,M,1
739,Jingyi,M,1
740,Dean,M,1
741,Philipe,M,1
742,Tyson,M,1
743,Ledilson,M,1
744,Raphaël,M,1
745,Bayaan,M,1
746,Vladmir,M,1
747,Giancarlo,M,1
748,Anhad,M,1
749,Livio,M,1
750,Lok,M,1
751,Imad,M,1
752,Hadley,M,1
753,Antoni,M,1
754,Jeryckson,M,1
755,Kenrick,M,1
756,Braiden,M,1
757,Damir,M,1
758,Eddie,M,1
759,Aariv,M,1
760,Arlo,M,1
761,Niandro,M,1
762,Mansan,M,1
763,Harjasbir,M,1
764,Krinch,M,1
765,Vanilson,M,1
766,Ohan,M,1
767,Djayden,M,1
768,Jaylson,M,1
769,Raví,M,1
770,Esaias,M,1
771,Nafsat,M,1
772,Oleg,M,1
773,Alfrendinho,M,1
774,Yaiden,M,1
775,Rangel,M,1
776,Xoán,M,1
777,Reyjianne,M,1
778,Rishab,M,1
779,Isadai,M,1
780,Kéren,M,1
781,Awanish,M,1
782,Bassa,M,1
783,Rudi,M,1
784,Nur,M,1
785,Amado,M,1
786,Matisse,M,1
787,Sulaiman,M,1
788,Ludgero,M,1
789,Clarson,M,1
790,Levick,M,1
791,Ross,M,1
792,Bensson,M,1
793,Oussuman,M,1
794,Josélio,M,1
795,Gualter,M,1
796,Alisson,M,1
797,Youmer,M,1
798,Wilker,M,1
799,Tegvirat,M,1
800,Teodor,M,1
801,Rafel,M,1
802,Mirko,M,1
803,Valter,M,1
804,Hamza,M,1
805,Siddarta,M,1
806,Mattin,M,1
807,Bernado,M,1
808,Helmer,M,1
809,Fidel,M,1
810,Loris,M,1
811,Maylon,M,1
812,Gleb,M,1
813,Denil,M,1
814,Elcimar,M,1
815,Mamadu,M,1
816,Elisei,M,1
817,Eleobel,M,1
818,Epandy,M,1
819,Gonçalves,M,1
820,Kiani,M,1
821,Joni,M,1
822,Aryel,M,1
823,Ashrafov,M,1
824,Chandra,M,1
825,Ivanilson,M,1
826,Galen,M,1
827,Olivier,M,1
828,Stivan,M,1
829,Tiamo,M,1
830,Luther,M,1
831,Yahel,M,1
832,Hulk,M,1
833,Douglas,M,1
834,Davit,M,1
835,Lucénio,M,1
836,Liyo,M,1
837,Federico,M,1
838,Ziad,M,1
839,Hedeler,M,1
840,Elison,M,1
841,Heldmar,M,1
842,Pascoal,M,1
843,Kaichen,M,1
844,Dayban,M,1
845,Prashil,M,1
846,Ulugbek,M,1
847,Shivaay,M,1
848,Iven,M,1
849,Emil,M,1
850,Koby,M,1
851,Liev,M,1
852,Heet,M,1
853,Ekamdeep,M,1
854,Pieter,M,1
855,Zakaria,M,1
856,Djalmo,M,1
857,Esanjo,M,1
858,Hariel,M,1
859,Danny,M,1
860,Mikaal,M,1
861,Wesillen,M,1
862,Mouhamad,M,1
863,Liedson,M,1
864,Ravydson,M,1
865,Chester,M,1
866,Muhamed,M,1
867,Kalebe,M,1
868,Soan,M,1
869,Shahood,M,1
870,Inti,M,1
871,Antoniusz,M,1
872,Jeremyah,M,1
873,Deniz,M,1
874,Haidam,M,1
875,Shalev,M,1
876,Mathys,M,1
877,Paolo,M,1
878,Kelt,M,1
879,Camnate,M,1
880,Joelson,M,1
881,Benevolo,M,1
882,Anatoly,M,1
883,Ehan,M,1
884,MD,M,1
885,Uriah,M,1
886,Hardik,M,1
887,Ekumbi,M,1
888,Mankirt,M,1
889,Bá,M,1
890,Rony,M,1
891,Edney,M,1
892,Hiram,M,1
893,Roangel,M,1
894,Marlond,M,1
895,Yssanzo,M,1
896,Jhonathan,M,1
897,Thor,M,1
898,Rosil,M,1
899,Diégo,M,1
900,Kaleb,M,1
901,Dmitrii,M,1
902,Horácio,M,1
903,Tymofiy,M,1
904,Kévan,M,1
905,Rikelmy,M,1
906,Antony,M,1
907,Tianyan,M,1
908,Amarildo,M,1
909,Ismoilkhon,M,1
910,Shoxjaxon,M,1
911,Maximilian,M,1
912,Andreas,M,1
913,Loreanne,M,1
914,Sviatoslav,M,1
915,Mohamad,M,1
916,Kyllen,M,1
917,Malik,M,1
918,Yoshiya,M,1
919,Giuseppe,M,1
920,Watson,M,1
921,Xelzio,M,1
922,Norato,M,1
923,Romilton,M,1
924,Furqan,M,1
925,Tanishq,M,1
926,Ednilson,M,1
927,Erikson,M,1
928,Jeremiah,M,1
929,Andrey,M,1
930,Gurtaj,M,1
931,Mahbeer,M,1
932,Illiya,M,1
933,Zayyan,M,1
934,Ikemdinachukwu,M,1
935,Tegdeep,M,1
936,Karna,M,1
937,Kamal,M,1
938,Havik,M,1
939,Saúl,M,1
940,Enoque,M,1
941,Clife,M,1
942,Tawseef,M,1
943,Geo,M,1
944,Bráulio,M,1
945,Nia,M,1
946,Kleiton,M,1
947,Kadosh,M,1
948,Máximo,M,1
949,Hexuan,M,1
950,Mauri,M,1
951,Joaquín,M,1
952,Adónis,M,1
953,Manuel-José,M,1
954,Djaim,M,1
955,Jabneel,M,1
956,Brás,M,1
957,Raufe,M,1
958,Marlous,M,1
959,Hochai,M,1
960,Claudino,M,1
961,Nigel,M,1
962,Tafhim,M,1
963,Zehui,M,1
964,Ferdinand,M,1
965,Andrés,M,1
966,Jesús,M,1
967,Daelve,M,1
968,Cezar,M,1
969,Desejado,M,1
970,Willmer,M,1
971,Roah,M,1
972,Launyo,M,1
973,Clemente,M,1
974,Iason,M,1
975,Sahibjot,M,1
976,Efraim,M,1
977,Lamine,M,1
978,Andrii,M,1
979,Kenneth,M,1
980,Robin,M,1
981,Fabián,M,1
982,Nicolseon,M,1
983,Pifte,M,1
984,Fredy,M,1
985,Laurentiu,M,1
986,Janio,M,1
987,Nayan,M,1
988,Taim,M,1
989,Jerral,M,1
990,Sacha,M,1
991,Jules,M,1
992,Kenan,M,1
993,Saeed,M,1
994,Mayel,M,1
995,Prasab,M,1
996,Syon,M,1
997,Junior,M,1
998,Uneet,M,1
999,Rudney,M,1
1000,Samora,M,1
1001,Harshak,M,1
1002,Rosalino,M,1
1003,Kyran,M,1
1004,Ilyan,M,1
1005,Mame,M,1
1006,Ondjala,M,1
1007,Dionísio,M,1
1008,Deny,M,1
1009,Tayson,M,1
1010,Donald,M,1
1011,Rómulo,M,1
1012,Enilson,M,1
1013,Jayronn,M,1
1014,Edmundo,M,1
1015,Nimit,M,1
1016,Wallison,M,1
1017,pedro,M,1
1018,Sadrak,M,1
1019,Yoshua,M,1
1020,Alexandrino,M,1
1021,Dyliam,M,1
1022,Laksh,M,1
1023,Osmy,M,1
1024,Galang,M,1
1025,Willmar,M,1
1026,Ezra,M,1
1027,Uziel,M,1
1028,Luwamy,M,1
1029,Hio,M,1
1030,Rihaansh,M,1
1031,Iosebi,M,1
1032,Deógenes,M,1
1033,Quim,M,1
1034,Elvin,M,1
1035,Niten,M,1
1036,Jujharveer,M,1
1037,Haziel,M,1
1038,Rishit,M,1
1039,Marley,M,1
1040,Dayvon,M,1
1041,Usemua,M,1
1042,Mahian,M,1
1043,Kailas,M,1
1044,Yohanne,M,1
1045,Jared,M,1
1046,Luciel,M,1
1047,Ayomi,M,1
1048,Suikar,M,1
1049,Esteban,M,1
1050,Marcelino,M,1
1051,Eldes,M,1
1052,Yohanny,M,1
1053,Maurio,M,1
1054,Matviei,M,1
1055,Ben-Hur,M,1
1056,Nael,M,1
1057,David-Adrian,M,1
1058,Egor,M,1
1059,Peter,M,1
1060,Samarbir,M,1
1061,Éros,M,1
1062,Tomáz,M,1
1063,Constantin,M,1
1064,Artyom,M,1
1065,Manrajpreet,M,1
1066,Witsel,M,1
1067,Leoatle,M,1
1068,Heron,M,1
1069,Yohane,M,1
1070,Dayven,M,1
1071,Danilson,M,1
1072,Zuhad,M,1
1073,Neysson,M,1
1074,Bonifácio,M,1
1075,Shubh,M,1
1076,Mounir,M,1
1077,Nerhy,M,1
1078,Joseberto,M,1
1079,Jhaynir,M,1
1080,Dhatalo,M,1
1081,Samartha,M,1
1082,Momin,M,1
1083,Jenelson,M,1
1084,Marcus-Emil,M,1
1085,Hussein,M,1
1086,Tércio,M,1
1087,Jaziel,M,1
1088,Domi,M,1
1089,Heider,M,1
1090,Aras,M,1
1091,Thierno,M,1
1092,Irshade,M,1
1093,Nero,M,1
1094,Keyson,M,1
1095,Troy,M,1
1096,Arseniu,M,1
1097,Eki,M,1
1098,Rainner,M,1
1099,Lietson,M,1
1100,Allisson,M,1
1101,Adhrit,M,1
1102,Vílson,M,1
1103,Dariu,M,1
1104,Agrim,M,1
1105,Raffael,M,1
1106,Jó,M,1
1107,Quinn,M,1
1108,Avraj,M,1
1109,Nelmar,M,1
1110,Donato,M,1
1111,Ondjaki,M,1
1112,Matt,M,1
1113,Riyadh,M,1
1114,Deiny,M,1
1115,Wagner,M,1
1116,Haikal,M,1
1117,Idris,M,1
1118,Tchiovany,M,1
1119,Otaviu,M,1
1120,Jabulani,M,1
1121,Cheick,M,1
1122,Naman,M,1
1123,Derik,M,1
1124,Sergio,M,1
1125,Ihsan,M,1
1126,Cassiano,M,1
1127,Jodhveer,M,1
1128,Helton,M,1
1129,Sambela,M,1
1130,Janivaldo,M,1
1131,Kismatpreet,M,1
1132,Ridwan,M,1
1133,Lehan,M,1
1134,Lévi,M,1
1135,Gurjot,M,1
1136,Seliel,M,1
1137,Wendhell,M,1
1138,Mustafa,M,1
1139,Biren,M,1
1140,Gaurish,M,1
1141,Braylen,M,1
1142,Kiamy,M,1
1143,Izaiah,M,1
1144,Kelcio,M,1
1145,Eliam,M,1
1146,Isslam,M,1
1147,Ayyan,M,1
1148,Issagha,M,1
1149,Ivander,M,1
1150,Carmichael,M,1
1151,Sergey,M,1
1152,Angadbir,M,1
1153,Andréi,M,1
1154,Christos,M,1
1155,Jasmeet,M,1
1156,Musabin,M,1
1157,Ostap,M,1
1158,Ibraima,M,1
1159,Golden,M,1
1160,Elson,M,1
1161,Yun,M,1
1162,Sonny,M,1
1163,Wallace,M,1
1164,Jeferson,M,1
1165,Qasim,M,1
1166,Umaro,M,1
1167,Xiangyun,M,1
1168,Daivon,M,1
1169,Génesis,M,1
1170,Oseias,M,1
1171,Arifur,M,1
1172,Dominik,M,1
1173,Kaiyang,M,1
1174,Illya,M,1
1175,Laith,M,1
1176,Lissandro,M,1
1177,Petro,M,1
1178,Shreyas,M,1
1179,Shahzodjon,M,1
1180,Libério,M,1
1181,Adryann,M,1
1182,Kielson,M,1
1183,Déniel,M,1
1184,Lyonel,M,1
1185,Dérick,M,1
1186,Grizman,M,1
1187,Henish,M,1
1188,Benedito,M,1
1189,Timothy,M,1
1190,Evgeniy,M,1
1191,Julião,M,1
1192,Atalay,M,1
1193,Raheem,M,1
1194,Elionai,M,1
1195,Shunyuk,M,1
1196,Rihadur,M,1
1197,Ivaan,M,1
1198,Marvim,M,1
1199,Vansh,M,1
1200,Ludwin,M,1
1201,Cid,M,1
1202,Marwane,M,1
1203,Abbaad,M,1
1204,Jayr,M,1
1205,Aaditya,M,1
1206,Yunay,M,1
1207,Tao,M,1
1208,Virpartap,M,1
1209,Vidyut,M,1
1210,Téo,M,1
1211,Sálvio,M,1
1212,Vanderson,M,1
1213,Tama,M,1
1214,Alpha,M,1
1215,Jin,M,1
1216,Ruslan,M,1
1217,Erickson,M,1
1218,Jiyan,M,1
1219,Kiami,M,1
1220,Baciro,M,1
1221,Cristhian,M,1
1222,Reyaan,M,1
1223,Haley,M,1
1224,Rachid,M,1
1225,Flynn,M,1
1226,Harsh,M,1
1227,Arhaan,M,1
1228,Érick,M,1
1229,Pranish,M,1
1230,kelvin,M,1
1231,Álan,M,1
1232,Gláuber,M,1
1233,Tanveer,M,1
1234,Dawilton,M,1
1235,Hossi,M,1
1236,Hyann,M,1
1237,Gabriell,M,1
1238,Reuben,M,1
1239,Joseph,M,1
1240,Xaday,M,1
1241,Dashawan,M,1
1242,Filippo,M,1
1243,Issa,M,1
1244,Erisson,M,1
1245,Albano,M,1
1246,Danyel,M,1
1247,Odjaime,M,1
1248,Anton,M,1
1249,Nahime,M,1
1250,Sai,M,1
1251,Linus,M,1
1252,Lennor,M,1
1253,Alisher,M,1
1254,Winston,M,1
1255,Layyin,M,1
1256,Yohano,M,1
1257,Enzel,M,1
1258,Belarmino,M,1
1259,Teófilo,M,1
1260,Weziel,M,1
1261,Jeffté,M,1
1262,Ayham,M,1
1263,Luany,M,1
1264,Alípio,M,1
1265,Eloy,M,1
1266,Finn,M,1
1267,Gregório,M,1
1268,Petros,M,1
1269,Uday,M,1
1270,Mouldi,M,1
1271,Mawete,M,1
1272,Zavian,M,1
1273,Vitold,M,1
1274,Ussumane,M,1
1275,Toby,M,1
1276,Tudor,M,1
1277,kevin,M,1
1278,Haider,M,1
1279,Boanerges,M,1
1280,Izet,M,1
1281,Rihank,M,1
1282,Luke,M,1
1283,Agamveer,M,1
1284,Adiv,M,1
1285,Deep,M,1
1286,Carly,M,1
1287,Apollo,M,1
1288,Haoran,M,1
1289,Elmer,M,1
1290,Giovanny,M,1
1291,Ítalo,M,1
1292,Pyetro,M,1
1293,Josiah,M,1
1294,Andry,M,1
1295,Celestino,M,1
1296,Nivaldo,M,1
1297,Kaian,M,1
1298,Mayke,M,1
1299,Cós,M,1
1300,Akio,M,1
1301,Nivaan,M,1
1302,Floriano,M,1
1303,Emilian-Mycailo,M,1
1304,Abrãao,M,1
1305,Kosma,M,1
1306,Juscelino,M,1
1307,Weiyong,M,1
1308,Vivaan,M,1
1309,Elay,M,1
1310,Yohaness,M,1
1311,Devanshu,M,1
1312,Redouane,M,1
1313,Gerald,M,1
1314,Faysal,M,1
1315,Aaryav,M,1
1316,Aksel,M,1
1317,Ramzanbek,M,1
1318,Haoyi,M,1
1319,Éden,M,1
1320,Shavya,M,1
1321,Naksh,M,1
1322,Arav,M,1
1323,Ghael,M,1
1324,Eduane,M,1
1325,Aden,M,1
1326,Aayush,M,1
1327,Wali,M,1
1328,Dyego,M,1
1329,Alvaro,M,1
1330,Abijot,M,1
1331,Kristal,M,1
1332,Randy,M,1
1333,Said,M,1
1334,Hazaelson,M,1
1335,Hericson,M,1
1336,Maxím,M,1
1337,Ousmane,M,1
1338,Thales,M,1
1339,Luati,M,1
1340,Sebastián,M,1
1341,Azahel,M,1
1342,Ivanildo,M,1
1343,Wellington,M,1
1344,Jan,M,1
1345,Sahel,M,1
1346,Nurik,M,1
1347,Enrik,M,1
1348,Timéo,M,1
1349,Tony,M,1
1350,Abrar,M,1
1351,"Augustin,",M,1
1352,Gilceir,M,1
1353,Sunny,M,1
1354,Hiwamy,M,1
1355,Urias,M,1
1356,Litos,M,1
1357,Noor,M,1
1358,Quévin,M,1
1359,Maris,M,1
1360,Hiyan,M,1
1361,Subhan,M,1
1362,Alexandr,M,1
1363,Teo,M,1
1364,Fayaaz,M,1
1365,Malick,M,1
1366,Wissam,M,1
1367,Maximiano,M,1
1368,Saihou,M,1
1369,Enezer,M,1
1370,Delfim,M,1
1371,Kasper,M,1
1372,Antônio,M,1
1373,Artemio,M,1
1374,Laxh,M,1
1375,Jardel,M,1
1376,Velkan,M,1
1377,Kahan,M,1
1378,Giannini,M,1
1379,Jhonny,M,1
1380,Azazias,M,1
1381,Sean,M,1
1382,Eduard-Florin,M,1
1383,Aritz,M,1
1384,Dimitrii,M,1
1385,Sangdup,M,1
1386,Dhruv,M,1
1387,Muaaz,M,1
1388,Rayn,M,1
1389,Julyan,M,1
1390,Heyden,M,1
1391,Alexio,M,1
1392,Zaid,M,1
1393,Neemias,M,1
1394,Tameem,M,1
1395,Vasko,M,1
1396,Porter,M,1
1397,Kwezy,M,1
1398,Nischal,M,1
1399,Valton,M,1
1400,Mikelson,M,1
1401,Háchel,M,1
1402,Joachim,M,1
1403,Alessyo,M,1
1404,Ailton,M,1
1405,Kondua,M,1
1406,Juwei,M,1
1407,Elhadj,M,1
1408,Spencer,M,1
1409,Lorenz,M,1
1410,Garvish,M,1
1411,Rayyan,M,1
1412,Cruz,M,1
1413,Yuxuan,M,1
1414,Aniket,M,1
1415,Isandro,M,1
1416,Jebin,M,1
1417,Kevinn,M,1
1418,Henil,M,1
1419,Zuhain,M,1
1420,Adhvic,M,1
1421,Bevan,M,1
1422,Tuncan,M,1
1423,Gusttavo,M,1
1424,Tymur,M,1
1425,Eflatun,M,1
1426,Kelvine,M,1
1427,Samirjon,M,1
1428,Mehdi,M,1
1429,Brais,M,1
1430,Abu,M,1
1431,Denys,M,1
1432,Alcino,M,1
1433,Juul,M,1
1434,Milan,M,1
1435,Nicodemos,M,1
1436,Ammar,M,1
1437,Kaua,M,1
1438,Manan,M,1
1439,Jaaziel,M,1
1440,Yannes,M,1
1441,Stanislav,M,1
1442,Sohayb,M,1
1443,Vilson,M,1
1444,Rubem,M,1
1445,Élton,M,1
1446,Serghei,M,1
1447,Etiandro,M,1
1448,Ameer,M,1
1449,Éric,M,1
1450,Abdoulaye,M,1
1451,Isalécio,M,1
1452,Aton,M,1
1453,Favian,M,1
1454,Abdour,M,1
1455,Neon,M,1
1456,EriK,M,1
1457,Isack,M,1
1458,Safat,M,1
1459,Cheslav,M,1
1460,Melvin,M,1
1461,Kalifa,M,1
1462,Nelsony,M,1
1463,Saibou,M,1
1464,Lamar,M,1
1465,Malaquias,M,1
1466,Gabriel-Nicolae,M,1
1467,Danni,M,1
1468,Elia,M,1
1469,Raffaello,M,1
1470,Marat,M,1
1471,Aasutosh,M,1
1472,Dannyel,M,1
1473,Jocélio,M,1
1474,Harrison,M,1
1475,Damécoiul,M,1
1476,Dennis,M,1
1477,Sarfaraj,M,1
1478,Lino,M,1
1479,Lionel,M,1
1480,Stelvio,M,1
1481,Safwan,M,1
1482,Lev,M,1
1483,Kincas,M,1
1484,Nádio,M,1
1485,Salahiddin,M,1
1486,Emiliano,M,1
1487,Kemyh,M,1
1488,Homero,M,1
1489,Radut,M,1
1490,Hui,M,1
1491,Siyon,M,1
1492,Arvik,M,1
1493,Sofiene,M,1
1494,Yousaf,M,1
1495,Calasse,M,1
1496,Geraldo,M,1
1497,Bopcyen,M,1
1498,Hriday,M,1
1499,Khendrick,M,1
1500,Emídio,M,1
1501,Eusébio,M,1
1502,Kelmen,M,1
1503,Elish,M,1
1504,Landerson,M,1
1505,Rolex,M,1
1506,Devin,M,1
1507,Zixin,M,1
1508,Dautarin,M,1
1509,Odysseas,M,1
1510,Kawinuar,M,1
1511,Karamokho,M,1
1512,Alecsandru,M,1
1513,Raylander,M,1
1514,Maxime,M,1
1515,Wamy,M,1
1516,Manzambi,M,1
1517,Yann,M,1
1518,Sinan,M,1
1519,Ashron,M,1
1520,Oskar,M,1
1521,Rayh,M,1
1522,Ben,M,1
1523,Cristyan,M,1
1524,Elber,M,1
1525,Adenilson,M,1
1526,Otniel,M,1
1527,Arcanjo,M,1
1528,Hailé,M,1
1529,Diègo,M,1
1530,Rocco,M,1
1531,Aquilles,M,1
1532,Tridib,M,1
1533,Abdur,M,1
1534,Maceo,M,1
1535,Henzel,M,1
1536,Fares,M,1
1537,Leonidas,M,1
1538,Gurwin,M,1
1539,Ahmad,M,1
1540,Zixuan,M,1
1541,Parasdeep,M,1
1542,Dhuvit,M,1
1543,Karmanbir,M,1
1544,Fanli,M,1
1545,Jaivardhan,M,1
1546,Tahiano,M,1
1547,Lau,M,1
1548,Stanil,M,1
1549,Agirim,M,1
1550,Natã,M,1
1551,Serge,M,1
1552,Deeko,M,1
1553,Nasiruddin,M,1
1554,Nathaniel,M,1
1555,Ionut,M,1
1556,Bhuvik,M,1
1557,Khevin,M,1
1558,Fidélio,M,1
1559,Hersílio,M,1
1560,Aurelian,M,1
1561,Maaran,M,1
1562,Zidane,M,1
1563,Greyson,M,1
1564,Lyubomir,M,1
1565,Ilesh,M,1
1566,Aguiell,M,1
1567,Krish,M,1
1568,Aníbal,M,1
1569,Mann,M,1
1570,Unnat,M,1
1571,Umar,M,1
1572,Aliou,M,1
1573,Magnus,M,1
1574,Yashmeet,M,1
1575,Arilson,M,1
1576,Samyol,M,1
1577,Idálio,M,1
1578,Sultan,M,1
1579,Musab,M,1
1580,Haroun,M,1
1581,Mussab,M,1
1582,Stefano,M,1
1583,Xucheng,M,1
1584,Subim,M,1
1585,Almir,M,1
1586,Susana,M,1
1587,Êine,M,1
1588,zichen,M,1
1589,Malam,M,1
1590,Ravier,M,1
1591,Udeshya,M,1
1592,Amaël,M,1
1593,Ho,M,1
1594,Zhivko,M,1
1595,Thomaz,M,1
1596,Volodymyr,M,1
1597,Vitalie,M,1
1598,Ádrian,M,1
1599,Arman,M,1
1600,Jaskirat,M,1
1601,Guido,M,1
1602,Ranieri,M,1
1603,Norberto,M,1
1604,Eyvan,M,1
1605,Yacine,M,1
1606,Jeovani,M,1
1607,Adi,M,1
1608,Riquelme,M,1
1609,Ana,M,1
1610,Evilazio,M,1
1611,Ismaíl,M,1
1612,Ajwaad,M,1
1613,Kenzel,M,1
1614,Otchalli,M,1
1615,Jhordan,M,1
1616,Taciano,M,1
1617,Altair,M,1
1618,Abaan,M,1
1619,Kayllen,M,1
1620,kendrick,M,1
1621,Jiale,M,1
1622,Bolin,M,1
1623,Nodi,M,1
1624,Sahat,M,1
1625,Muriel,M,1
1626,Wilkins,M,1
1627,Nicola,M,1
1628,Enockh,M,1
1629,Imran,M,1
1630,Kingston,M,1
1631,Ramiro,M,1
1632,Abrão,M,1
1633,Hirak,M,1
1634,Yanni,M,1
1635,Jenoah,M,1
1636,Wally,M,1
1637,Jake,M,1
1638,Zacur,M,1
1639,Willion,M,1
1640,Rian,M,1
1641,Junye,M,1
1642,Rômulo,M,1
1643,Handerson,M,1
1644,Aylton,M,1
1645,Madílson,M,1
1646,Gurnoor,M,1
1647,Utkarsh,M,1
1648,Dany,M,1
1649,Muyinjon,M,1
1650,Benjamín,M,1
1651,Mahmoud,M,1
1652,Sténio,M,1
1653,Kristian,M,1
1654,Gervásio,M,1
1655,Hrehaan,M,1
1656,Amit,M,1
1657,Viktor,M,1
1658,Melky,M,1
1659,Ever,M,1
1660,Aldair,M,1
1661,Linar,M,1
1662,Rodger,M,1
1663,Taimur,M,1
1664,Eliseo,M,1
1665,Lorenço,M,1
1666,Denzello,M,1
1667,ShaKur,M,1
1668,Tomasz,M,1
1669,Araf,M,1
1670,Kuziva,M,1
1671,Vicenzo,M,1
1672,Ammadu,M,1
1673,Deicy,M,1
1674,Nikson,M,1
1675,Aagaman,M,1
1676,Antón,M,1
1677,Santino,M,1
1678,Idelfrides,M,1
1679,Masichukwu,M,1
1680,Harjio,M,1
1681,Wayamy,M,1
1682,Mikola,M,1
1683,Yudi,M,1
1684,Farrux,M,1
1685,Aldo,M,1
1686,Alonzo,M,1
1687,Wilian,M,1
1688,Arielson,M,1
1689,Krittrin,M,1
1690,Aareesh,M,1
1691,Hector,M,1
1692,Martiniano,M,1
1693,Rashid,M,1
1694,Oleksiy,M,1
1695,Cole,M,1
1696,Jasiel,M,1
1697,Bénur,M,1
1698,Jesse,M,1
1699,Neo,M,1
1700,Avitaj,M,1
1701,Everson,M,1
1702,Ismail,M,1
1703,Tchiene,M,1
1704,Dai,M,1
1705,Ramon,M,1
1706,Edman,M,1
1707,Adnísio,M,1
1708,Shiva,M,1
1709,Saatvik,M,1
1710,Immanuel,M,1
1711,Izael,M,1
1712,Riquel,M,1
1713,Ved,M,1
1714,Youri,M,1
1715,Mhamad,M,1
1716,Otávio,M,1
1717,Wytalo,M,1
1718,Giani,M,1
1719,Devlin,M,1
1720,Rayane,M,1
1721,Danil,M,1
1722,Harron,M,1
1723,Malcom,M,1
1724,Dann,M,1
1725,Teodoro,M,1
1726,Kenil,M,1
1727,Sátia,M,1
1728,Rufino,M,1
1729,Syed,M,1
1730,Rubens,M,1
1731,Simeão,M,1
1732,Anatole,M,1
1733,Julien,M,1
1734,Nawaf,M,1
1735,Ocean,M,1
1736,Williams,M,1
1737,Sekouba,M,1
1738,Mayron,M,1
1739,Nikola,M,1
1740,Samman,M,1
1741,Kyami,M,1
1742,Idrissa,M,1
1743,Eliseu,M,1
1744,Artiom,M,1
1745,Yifan,M,1
1746,Kanye,M,1
1747,Noa,M,1
1748,Aagam,M,1
1749,Elliott,M,1
1750,Nícolas,M,1
1751,Léon,M,1
1752,Marilson,M,1
1753,Zayden,M,1
1754,Iuri,M,1
1755,Aboubacar,M,1
1756,Kaiser,M,1
1757,Wayame,M,1
1758,Derrick,M,1
1759,Sohaan,M,1
1760,Bacari,M,1
1761,Castiel,M,1
1762,Mouhamadou,M,1
1763,Ritchel,M,1
1764,Arseniy,M,1
1765,Matvei,M,1
1766,Justo,M,1
1767,Amrit,M,1
1768,Rio,M,1
1769,Neymar,M,1
1770,Nedylson,M,1
1771,Harsit,M,1
1772,Yusufbek,M,1
1773,Jurik,M,1
1774,Dereck,M,1
1775,Mihael,M,1
1776,Wildany,M,1
1777,Tufayl,M,1
1778,Yaman,M,1
1779,Mirhat,M,1
1780,Aariyan,M,1
1781,Mariel,M,1
1782,Lemilson,M,1
1783,Delmar,M,1
1784,Aristarch,M,1
1785,Ucher,M,1
1786,Asher,M,1
1787,Mahfuz,M,1
1788,Keylor,M,1
1789,Ekamjot,M,1
1790,Sadi,M,1
1791,Adiel,M,1
1792,Laziz,M,1
1793,Zodi,M,1
1794,Kleusio,M,1
1795,Maks,M,1
1796,Pan,M,1
1797,Da,M,1
1798,Constantino,M,1
1799,Guillermo,M,1
1800,Fernandinho,M,1
1801,Oday,M,1
1802,Zech,M,1
1803,Tim,M,1
1804,Maximillian,M,1
1805,Delson,M,1
1806,Yash,M,1
1807,Armindo,M,1
1808,Élmerson,M,1
1809,Vraj,M,1
1810,Abishkar,M,1
1811,Shodiyor,M,1
1812,Mike,M,1
1813,Kevihn,M,1
1814,Cleyton,M,1
1815,Sébastien,M,1
1816,Fhilipe,M,1
1817,Rominio,M,1
1818,Shelton,M,1
1819,Rahul,M,1
1820,Torcato,M,1
1821,Sidak,M,1
1822,Keizer,M,1
1823,Mizael,M,1
1824,Fabricio,M,1
1825,Dídac,M,1
1826,Kiezo,M,1
1827,Fabien,M,1
1828,Helvis,M,1
1829,Cristopher,M,1
1830,Darian,M,1
1831,Mahad,M,1
1832,Nickolas,M,1
1833,Avish,M,1
1834,Aadvik,M,1
1835,Ioane,M,1
1836,Yesalel,M,1
1837,Nicolae,M,1
1838,Isaak,M,1
1839,Maikol,M,1
1840,Jadhiel,M,1
1841,Pranup,M,1
1842,Giorgi,M,1
1843,Ádrien,M,1
1844,Mikhail,M,1
1845,Wagnner,M,1
1846,Alimou,M,1
1847,Tejbir,M,1
1848,Jupiter,M,1
1849,Alit,M,1
1850,Nishrit,M,1
1851,Tristão,M,1
1852,Finjo,M,1
1853,Jáasiel,M,1
1854,Kyenne,M,1
1855,Mykola,M,1
1856,Preeyam,M,1
1857,Valteomar,M,1
1858,Ran,M,1
1859,Andres,M,1
1860,Madjer,M,1
1861,Euneson,M,1
1862,Farruhbek,M,1
1863,Vladimiro,M,1
1864,Mubassher,M,1
1865,Dharvin,M,1
1866,Shreyan,M,1
1867,Giovane,M,1
1868,Mykhael,M,1
1869,Melvyn,M,1
1870,Alair,M,1
1871,Ranael,M,1
1872,Tamerlan,M,1
1873,Haochen,M,1
1874,Ritesh,M,1
1875,Milo,M,1
1876,Maikal,M,1
1877,Wacill,M,1
1878,Didier,M,1
1879,Kayo,M,1
1880,Yassin,M,1
1881,Varis,M,1
1882,Jiaqi,M,1
1883,Kiril,M,1
1884,Ray,M,1
1885,Julio,M,1
1886,Ansh,M,1
1887,Moa,M,1
1888,Wendell,M,1
1889,Aawas,M,1
1890,Dércio,M,1
1891,Gabriele,M,1
1892,Ezekiel,M,1
1893,Custódio,M,1
1894,Sameer,M,1
1895,Alikih,M,1
1896,Valdimir,M,1
1897,Wady,M,1
1898,Ludmiro,M,1
1899,Nilsson,M,1
1900,Nigut,M,1
1901,Zinon,M,1
1902,Yeshkirat,M,1
1903,Almar,M,1
1904,Gursahib,M,1
1905,Amiran,M,1
1906,Haris,M,1
1907,Elmo,M,1
1908,Jude,M,1
1909,Connor,M,1
1910,Élvio,M,1
1911,Antero,M,1
1912,Maciel,M,1
1913,Yahnoah,M,1
1914,Ahil,M,1
1915,Jairson,M,1
1916,Josemar,M,1
1917,Bhargav,M,1
1918,Gérson,M,1
1919,Luíz,M,1
1920,Chrystian,M,1
1921,Sujit,M,1
1922,Bambó,M,1
1923,Zeferino,M,1
1924,Neimar,M,1
1925,Noble,M,1
1926,Emaz,M,1
1927,Oluwademilade,M,1
1928,Ventura,M,1
1929,Zihanwei,M,1
1930,Marik,M,1
1931,Angel,M,1
1932,Guizat,M,1
1933,Vasiliy,M,1
1934,Rostislav,M,1
1935,Darien,M,1
1936,Leunammi,M,1
1937,Samyar,M,1
1938,Sahil,M,1
1939,Geovani,M,1
1940,Laurindo,M,1
1941,Hasley,M,1
1942,Cosme,M,1
1943,Theodore,M,1
1944,Cayden,M,1
1945,Tejasveer,M,1
1946,Keita,M,1
1947,Vadym,M,1
1948,Estéfano,M,1
1949,Aldaír,M,1
1950,Djason,M,1
1951,Rafiq,M,1
1952,Karlos,M,1
1953,Swayam,M,1
1954,Lizandro,M,1
1955,Luale,M,1
1956,Aravpreet,M,1
1957,Tayyab,M,1
1958,Octavio,M,1
1959,Kayson,M,1
1960,Muhammadamin,M,1
1961,Ziany,M,1
1962,Valquírio,M,1
1963,Gaetano,M,1
1964,Anas,M,1
1965,Ling,M,1
1966,Bubacar,M,1
1967,Robson,M,1
1968,Adley,M,1
1969,Joao,M,1
1970,Andy,M,1
1971,Anuldjan,M,1
1972,Nick,M,1
1973,Andrian,M,1
1974,Remy,M,1
1975,Bless,M,1
1976,Nikoloz,M,1
1977,Cleo,M,1
1978,Aadeep,M,1
1979,Junlei,M,1
1980,Navyug,M,1
1981,Hermínio,M,1
1982,Oziel,M,1
1983,Raef,M,1
1984,Hank,M,1
1985,Lucenzo,M,1
1986,Ayoub,M,1
1987,Yousuf,M,1
1988,Yiyang,M,1
1989,Avelino,M,1
1990,Otaniel,M,1
1991,Agamjot,M,1
1992,Aideen,M,1
1993,Filêmon,M,1
1994,Belzael,M,1
1995,Prayag,M,1
1996,Nolan,M,1
1997,Gabi,M,1
1998,Mikaell,M,1
1999,Islombek,M,1
2000,Zanil,M,1
2001,Rhythm,M,1
2002,Bozhko,M,1
2003,Uezhu,M,1
2004,Yakine,M,1
2005,Timo,M,1
2006,Mantegh,M,1
2007,Hamidou,M,1
2008,Raj,M,1
2009,Akbar,M,1
2010,Kacy,M,1
2011,Flavius,M,1
2012,Pavel,M,1
2013,Héder,M,1
2014,Ihan,M,1
2015,Jeremy,M,1
2016,Braian,M,1
2017,Octave,M,1
2018,Jashan,M,1
2019,Kamronbek,M,1
2020,Abduraxmon,M,1
2021,Aayam,M,1
2022,Lyon,M,1
2023,Naveed,M,1
2024,Darwin,M,1
2025,Faizan,M,1
2026,Octávio,M,1
2027,Cayser,M,1
2028,Daylson,M,1
2029,Isak,M,1
2030,Yago,M,1
2031,kaio,M,1
2032,Subin,M,1
2033,Dérce,M,1
2034,Zian,M,1
2035,Adamo,M,1
2036,Samyam,M,1
2037,Elisama,M,1
2038,Denny,M,1
2039,Deni,M,1
2040,Candance,M,1
2041,Samba,M,1
2042,Wheldon,M,1
2043,Mamede,M,1
2044,Kyan,M,1
2045,Ageu,M,1
2046,Adriá,M,1
2047,Raghav,M,1
2048,Zélio,M,1
2049,Kidjó,M,1
2050,Alfred,M,1
2051,Kyo,M,1
2052,Luenze,M,1
2053,Haurio,M,1
2054,Remi,M,1
2055,Aslan,M,1
2056,Yuvaan,M,1
2057,Raimundo,M,1
2058,Elliot,M,1
2059,Taras,M,1
2060,Moises,M,1
2061,Abdoul,M,1
2062,Dario,M,1
2063,Milàn,M,1
2064,Welson,M,1
2065,Jorawar,M,1
2066,Arsh,M,1
2067,Tuti,M,1
2068,Raylson,M,1
2069,Dyari,M,1
2070,Edvânio,M,1
2071,Jahmal,M,1
2072,Aracel,M,1
2073,Real,M,1
2074,Morgan,M,1
2075,Maheep,M,1
2076,Étienne,M,1
2077,Ravidson,M,1
2078,Hanniel,M,1
2079,Jakson,M,1
2080,Andre,M,1
2081,Shadi,M,1
2082,Dmitriy,M,1
2083,Stephen,M,1
2084,Nirbhik,M,1
2085,Marc,M,1
2086,Oriel,M,1
2087,Pedru,M,1
2088,Iacob,M,1
2089,Wisillen,M,1
2090,Mahdi,M,1
2091,Kyani,M,1
2092,Rahmoun,M,1
2093,Délio,M,1
2094,Aabhash,M,1
2095,Miyon,M,1
2096,François,M,1
2097,Bivhan,M,1
2098,Sabino,M,1
2099,Mahir,M,1
2100,Salviano,M,1
2101,Olímpio,M,1
2102,Dmitry,M,1
2103,Kleber,M,1
2104,Donnie,M,1
2105,Lovejeet,M,1
2106,Ilyas,M,1
2107,Ludiney,M,1
2108,Manaspreet,M,1
2109,Dragos,M,1
2110,Jozeny,M,1
2111,Terry,M,1
2112,Adulai,M,1
2113,Alessio,M,1
2114,Wassim,M,1
2115,Gylson,M,1
2116,Juvenal,M,1
2117,Ronan,M,1
2118,Zayan,M,1
2119,Kyesse,M,1
2120,Tamim,M,1
2121,Achraf,M,1
2122,Elvino,M,1
2123,Mohid,M,1
2124,Aleksi,M,1
2125,Hian,M,1
2126,Djamal,M,1
2127,Daiki,M,1
2128,Arturo,M,1
2129,Dorivaldo,M,1
2130,Isauro,M,1
2131,Schneider,M,1
2132,Adlésio,M,1
2133,Amiel,M,1
2134,Rushdaan,M,1
2135,Isaí,M,1
2136,Sevastian,M,1
2137,Ulysses,M,1
0,Maria,F,5699
1,Leonor,F,1668
2,Matilde,F,1639
3,Beatriz,F,1259
4,Carolina,F,1134
5,Mariana,F,1027
6,Ana,F,1004
7,Sofia,F,975
8,Francisca,F,911
9,Inês,F,873
10,Margarida,F,829
11,Clara,F,821
12,Lara,F,777
13,Alice,F,745
14,Laura,F,715
15,Benedita,F,634
16,Diana,F,600
17,Madalena,F,560
18,Joana,F,517
19,Camila,F,463
20,Bianca,F,458
21,Mafalda,F,457
22,Íris,F,451
23,Vitória,F,435
24,Constança,F,434
25,Luana,F,405
26,Sara,F,405
27,Letícia,F,401
28,Gabriela,F,381
29,Rita,F,370
30,Eva,F,343
31,Mara,F,337
32,Yara,F,319
33,Ema,F,294
34,Ariana,F,291
35,Luísa,F,267
36,Carlota,F,267
37,Yasmin,F,265
38,Carminho,F,245
39,Helena,F,223
40,Catarina,F,218
41,Valentina,F,202
42,Victória,F,200
43,Júlia,F,181
44,Alícia,F,177
45,Marta,F,165
46,Noa,F,157
47,Rafaela,F,151
48,Kyara,F,150
49,Teresa,F,148
50,Nicole,F,146
51,Melissa,F,144
52,Iara,F,141
53,Bruna,F,140
54,Luena,F,139
55,Isabel,F,138
56,Daniela,F,130
57,Núria,F,129
58,Miriam,F,128
59,Filipa,F,126
60,Luna,F,125
61,Lia,F,124
62,Raquel,F,106
63,Bárbara,F,106
64,Caetana,F,105
65,Mia,F,97
66,Áurea,F,91
67,Aurora,F,89
68,Juliana,F,85
69,Olívia,F,85
70,Amélia,F,83
71,Jéssica,F,82
72,Kelly,F,79
73,Érica,F,79
74,Pilar,F,75
75,Naiara,F,67
76,Mélanie,F,65
77,Isabela,F,65
78,Adriana,F,62
79,Débora,F,62
80,Lorena,F,61
81,Isis,F,58
82,Emma,F,58
83,Julieta,F,56
84,Alexandra,F,52
85,Elisa,F,49
86,Frederica,F,49
87,Soraia,F,48
88,Tatiana,F,48
89,Eduarda,F,47
90,Chloe,F,47
91,Safira,F,46
92,Isabella,F,45
93,Mayara,F,44
94,Rosa,F,44
95,Emília,F,43
96,Vera,F,42
97,Sophia,F,41
98,Fabiana,F,40
99,Flor,F,39
100,Irina,F,39
101,Petra,F,38
102,Paloma,F,38
103,Luciana,F,38
104,Nádia,F,37
105,Luz,F,36
106,Alana,F,36
107,Ester,F,35
108,Aline,F,35
109,Larissa,F,35
110,Nair,F,34
111,Salomé,F,33
112,Renata,F,33
113,Dânia,F,32
114,Sarah,F,32
115,Victoria,F,30
116,Andreia,F,30
117,Emily,F,30
118,Anita,F,30
119,Patrícia,F,30
120,Bia,F,28
121,Verónica,F,27
122,Iris,F,27
123,Serena,F,27
124,Nayara,F,27
125,Cristiana,F,26
126,Dalila,F,26
127,Cláudia,F,26
128,Lúcia,F,24
129,Carla,F,23
130,Ângela,F,23
131,Neuza,F,23
132,Simone,F,23
133,Tamara,F,22
134,Clarisse,F,22
135,Carmo,F,22
136,Raissa,F,22
137,Maiara,F,22
138,Liara,F,22
139,Eliane,F,21
140,Cristina,F,21
141,Isa,F,20
142,Samira,F,20
143,Violeta,F,20
144,Estrela,F,20
145,Melanie,F,19
146,Anna,F,19
147,Giovana,F,19
148,Valéria,F,19
149,Micaela,F,19
150,Jacinta,F,19
151,Kiara,F,19
152,Sandra,F,19
153,Liliana,F,19
154,Cíntia,F,18
155,India,F,18
156,Liane,F,18
157,Marisa,F,18
158,Natacha,F,18
159,Rute,F,18
160,Telma,F,18
161,Irís,F,17
162,Eliana,F,17
163,Jade,F,17
164,Samara,F,17
165,Susana,F,16
166,Cátia,F,16
167,Elsa,F,16
168,Carina,F,16
169,Mónica,F,16
170,Ayla,F,16
171,Rebeca,F,16
172,Briana,F,16
173,Oriana,F,15
174,Aruna,F,15
175,Rosarinho,F,15
176,Alicia,F,15
177,Olivia,F,15
178,Fátima,F,15
179,Yasmine,F,15
180,Dara,F,15
181,Penélope,F,15
182,Heloísa,F,15
183,Maísa,F,15
184,Luisa,F,15
185,Paula,F,15
186,Flávia,F,14
187,Lya,F,14
188,Erica,F,14
189,Leticia,F,14
190,Nina,F,14
191,Aisha,F,14
192,Kayla,F,14
193,Andrea,F,14
194,Aléxia,F,14
195,Priscila,F,14
196,Evelyn,F,14
197,Vânia,F,14
198,Emilly,F,13
199,Jasmine,F,13
200,Ariane,F,13
201,Tamára,F,13
202,Liana,F,13
203,Elena,F,13
204,Ariele,F,13
205,Giovanna,F,13
206,Lea,F,13
207,Abigail,F,13
208,Ísis,F,13
209,Cecília,F,13
210,Milena,F,12
211,Márcia,F,12
212,Amália,F,12
213,Manuela,F,12
214,Marina,F,12
215,Ionara,F,12
216,Maya,F,12
217,Glória,F,12
218,Erika,F,11
219,Samanta,F,11
220,Lívia,F,11
221,Ellen,F,11
222,Solange,F,11
223,Milana,F,11
224,Simara,F,11
225,Naomi,F,11
226,Antónia,F,11
227,Angelina,F,11
228,Vanessa,F,11
229,Amanda,F,11
230,Zara,F,11
231,Taís,F,11
232,Riana,F,11
233,Angélica,F,10
234,Chloé,F,10
235,Natália,F,10
236,Carmen,F,10
237,Martina,F,10
238,Eunice,F,10
239,Michelle,F,10
240,Denise,F,10
241,Ciara,F,10
242,Cloé,F,10
243,Dayane,F,10
244,Esther,F,10
245,Pérola,F,10
246,Clarinha,F,10
247,Joice,F,10
248,Isadora,F,10
249,Brenda,F,10
250,Tânia,F,10
251,Jennifer,F,10
252,Sónia,F,10
253,Esperança,F,10
254,Stephanie,F,9
255,Ashley,F,9
256,Surya,F,9
257,Oceana,F,9
258,Sílvia,F,9
259,Mathilde,F,9
260,Suri,F,9
261,Anamar,F,9
262,Matilda,F,9
263,Cloe,F,9
264,Lídia,F,9
265,Aylla,F,9
266,Sabrina,F,9
267,Rayssa,F,9
268,Fernanda,F,8
269,Elisabete,F,8
270,Daisi,F,8
271,Geovanna,F,8
272,Iasmin,F,8
273,Anaísa,F,8
274,Marisol,F,8
275,Jénifer,F,8
276,Lunna,F,8
277,Lisa,F,8
278,Alexia,F,8
279,Luzia,F,8
280,Eleonor,F,8
281,Mila,F,8
282,Mayra,F,8
283,Mariama,F,8
284,Ariela,F,8
285,Leandra,F,8
286,Gabriella,F,8
287,Nídia,F,8
288,Isaura,F,8
289,Taísa,F,8
290,Samaritana,F,8
291,Karen,F,8
292,Anaya,F,8
293,Graça,F,8
294,Morgana,F,8
295,Camilla,F,8
296,Sienna,F,8
297,Nayla,F,8
298,Maura,F,7
299,Yohanna,F,7
300,Zoé,F,7
301,Maia,F,7
302,Edna,F,7
303,Giulia,F,7
304,Sol,F,7
305,Angela,F,7
306,Viviane,F,7
307,Deise,F,7
308,Carol,F,7
309,Vanda,F,7
310,Nara,F,7
311,Anastasia,F,7
312,Jussara,F,7
313,Charlotte,F,7
314,Taíssa,F,7
315,Thaís,F,7
316,Melinda,F,7
317,Silvana,F,7
318,Yasmim,F,7
319,Jessica,F,7
320,Ivone,F,7
321,Alexa,F,7
322,Guadalupe,F,7
323,Keyla,F,7
324,Miranda,F,7
325,Cármen,F,7
326,Lucy,F,7
327,Celeste,F,7
328,Filomena,F,6
329,Nadine,F,6
330,Eloá,F,6
331,Raíssa,F,6
332,Adelina,F,6
333,Aysha,F,6
334,Hannah,F,6
335,Mercês,F,6
336,Naísa,F,6
337,Leah,F,6
338,Leia,F,6
339,Dália,F,6
340,Karina,F,6
341,Kaylane,F,6
342,Arina,F,6
343,Doriana,F,6
344,Josiane,F,6
345,Regina,F,6
346,Melânia,F,6
347,Anaís,F,6
348,Ariel,F,6
349,Laís,F,6
350,Hadassa,F,6
351,Sophie,F,6
352,Esmeralda,F,6
353,Lisandra,F,6
354,Suéli,F,6
355,Leila,F,6
356,Naíma,F,6
357,Irene,F,6
358,Antonella,F,6
359,Maitê,F,6
360,Lis,F,6
361,Magda,F,6
362,Lais,F,6
363,Stella,F,6
364,Mel,F,6
365,Estela,F,5
366,Adelaide,F,5
367,Dayanne,F,5
368,Allana,F,5
369,Maira,F,5
370,Dora,F,5
371,Stefany,F,5
372,Radija,F,5
373,Aliyah,F,5
374,Gabrielly,F,5
375,Livia,F,5
376,Lyana,F,5
377,Wendy,F,5
378,Stela,F,5
379,Julia,F,5
380,Ilda,F,5
381,Annie,F,5
382,Janice,F,5
383,Ivana,F,5
384,Cataleya,F,5
385,Noah,F,5
386,Liz,F,5
387,Fatima,F,5
388,Lua,F,5
389,Fatumata,F,5
390,Sarai,F,5
391,Ainhoa,F,5
392,Alina,F,5
393,Cristiane,F,5
394,Amora,F,5
395,Branca,F,5
396,Anastácia,F,5
397,Concha,F,5
398,Eloah,F,5
399,Rayane,F,5
400,Talita,F,5
401,Zoe,F,5
402,Keila,F,5
403,Teresinha,F,5
404,Gisela,F,5
405,Anabela,F,5
406,Dádiva,F,5
407,Amelia,F,4
408,Ada,F,4
409,Joelma,F,4
410,Mya,F,4
411,Noémia,F,4
412,Mercedes,F,4
413,Nicolly,F,4
414,Jeanne,F,4
415,Dina,F,4
416,Viviana,F,4
417,Marília,F,4
418,Anya,F,4
419,Fatoumata,F,4
420,Lígia,F,4
421,Gaia,F,4
422,Mirella,F,4
423,Adrielle,F,4
424,Clarice,F,4
425,Kylie,F,4
426,Eliza,F,4
427,Nancy,F,4
428,Vitoria,F,4
429,Nuna,F,4
430,Yolanda,F,4
431,Tiffany,F,4
432,Fábia,F,4
433,Francesca,F,4
434,Alycia,F,4
435,Aaliyah,F,4
436,Lina,F,4
437,Laila,F,4
438,Aya,F,4
439,Amy,F,4
440,Daisy,F,4
441,Kataleya,F,4
442,Natali,F,4
443,Elaine,F,4
444,Antonela,F,4
445,Samantha,F,4
446,Katie,F,4
447,Aria,F,4
448,Séfora,F,4
449,Lyara,F,4
450,Daiane,F,4
451,Hanna,F,4
452,Lurdes,F,4
453,Thais,F,4
454,Patricia,F,4
455,Janaína,F,4
456,Lana,F,4
457,Ruth,F,4
458,Noemi,F,4
459,Flora,F,4
460,Siena,F,4
461,Kailane,F,4
462,Cleo,F,4
463,Selena,F,4
464,Grace,F,4
465,Savannah,F,4
466,Adriela,F,4
467,Klara,F,4
468,Marwa,F,4
469,Sanaya,F,4
470,Lavínia,F,4
471,Kendra,F,4
472,Yangchen,F,4
473,Jasmin,F,4
474,Lília,F,4
475,Haniela,F,4
476,Adélia,F,4
477,Alyssa,F,4
478,Marlene,F,4
479,Tiana,F,4
480,Aleksandra,F,4
481,Alba,F,4
482,Flavia,F,3
483,Daria,F,3
484,Sasha,F,3
485,Eline,F,3
486,Adrielly,F,3
487,Nikol,F,3
488,Agatha,F,3
489,Cinara,F,3
490,Adele,F,3
491,Margot,F,3
492,Darina,F,3
493,Dária,F,3
494,Noémi,F,3
495,Rúbia,F,3
496,Melina,F,3
497,Emanuela,F,3
498,Léa,F,3
499,Liah,F,3
500,Olga,F,3
501,Myriam,F,3
502,Sofía,F,3
503,Andreína,F,3
504,Niara,F,3
505,Anny,F,3
506,Aura,F,3
507,Margarita,F,3
508,Jannat,F,3
509,Ayra,F,3
510,Sancha,F,3
511,Cassandra,F,3
512,Hellen,F,3
513,Jasmim,F,3
514,Cássia,F,3
515,Malu,F,3
516,Thayla,F,3
517,Rebecca,F,3
518,Celina,F,3
519,Saanvi,F,3
520,Andresa,F,3
521,Siara,F,3
522,Rayana,F,3
523,Jani,F,3
524,Layara,F,3
525,Anastacia,F,3
526,Aida,F,3
527,Leonilde,F,3
528,Jacira,F,3
529,Isabelly,F,3
530,Dulce,F,3
531,Nicolle,F,3
532,Emanuelly,F,3
533,Ruby,F,3
534,Mariah,F,3
535,Sheila,F,3
536,Judite,F,3
537,Bella,F,3
538,Célia,F,3
539,Bela,F,3
540,Iriana,F,3
541,Agnes,F,3
542,Milene,F,3
543,Kamila,F,3
544,Antonia,F,3
545,Alma,F,3
546,Zoey,F,3
547,Lueji,F,3
548,Aissatou,F,3
549,Katia,F,3
550,Linda,F,3
551,Zlata,F,3
552,Nadia,F,3
553,Emiliana,F,3
554,Mária,F,3
555,Zahra,F,3
556,Elise,F,3
557,Emilie,F,3
558,Taynara,F,3
559,Kemilly,F,3
560,Raisa,F,3
561,kyara,F,3
562,Ava,F,3
563,Viktoria,F,3
564,Anouk,F,3
565,Ânia,F,3
566,Aliana,F,3
567,Laurinda,F,3
568,Lyah,F,3
569,Adama,F,3
570,Paz,F,3
571,Brianna,F,3
572,Zaya,F,3
573,Guiomar,F,3
574,Joyce,F,3
575,Rayanne,F,3
576,Leonora,F,3
577,Noor,F,3
578,Lynda,F,3
579,Khadija,F,3
580,Cheila,F,3
581,Melody,F,3
582,Rania,F,3
583,Rose,F,3
584,Magali,F,3
585,Saphira,F,3
586,Luiza,F,3
587,Isabelle,F,3
588,Aurea,F,3
589,Catalina,F,3
590,Svetlana,F,3
591,Pureza,F,3
592,Michele,F,3
593,Jasmina,F,3
594,Martinha,F,3
595,Barbara,F,3
596,Thays,F,3
597,Yuna,F,3
598,Noemy,F,3
599,Maimuna,F,2
600,Rafaella,F,2
601,Perla,F,2
602,Natasha,F,2
603,Selina,F,2
604,Carollina,F,2
605,Laryssa,F,2
606,Layla,F,2
607,Lidia,F,2
608,Sofiya,F,2
609,Sanvi,F,2
610,Graciana,F,2
611,Alessia,F,2
612,Naira,F,2
613,Benisha,F,2
614,Suzi,F,2
615,Noelle,F,2
616,Trisha,F,2
617,kelly,F,2
618,Veronica,F,2
619,Kenya,F,2
620,Quézia,F,2
621,Maeve,F,2
622,Lamar,F,2
623,Neiza,F,2
624,Ludmila,F,2
625,Ária,F,2
626,Helen,F,2
627,Anaíce,F,2
628,Quésia,F,2
629,Jana,F,2
630,Debora,F,2
631,Juliette,F,2
632,Lyanna,F,2
633,Sam,F,2
634,Polina,F,2
635,Whitney,F,2
636,Miruna,F,2
637,Lola,F,2
638,Vilma,F,2
639,Kieza,F,2
640,Emely,F,2
641,Drielle,F,2
642,Palmira,F,2
643,Aimee,F,2
644,Hiba,F,2
645,Rosário,F,2
646,Ainoa,F,2
647,Delia,F,2
648,Zahara,F,2
649,Corina,F,2
650,Stefania,F,2
651,Conceição,F,2
652,Dionísia,F,2
653,Ellie,F,2
654,Naya,F,2
655,Mira,F,2
656,Sylvia,F,2
657,Tida,F,2
658,Nélia,F,2
659,Nayomi,F,2
660,Josiana,F,2
661,Alessandra,F,2
662,Deborah,F,2
663,Samragyee,F,2
664,Nazaré,F,2
665,Alya,F,2
666,Ishani,F,2
667,Nabiha,F,2
668,Yumi,F,2
669,Andriana,F,2
670,Arya,F,2
671,Yasmina,F,2
672,Mahira,F,2
673,Assunção,F,2
674,Lillian,F,2
675,Gabrielle,F,2
676,Támara,F,2
677,Moana,F,2
678,Maggie,F,2
679,Jeovana,F,2
680,Evelina,F,2
681,Dana,F,2
682,Drisana,F,2
683,Fiona,F,2
684,Yarine,F,2
685,Berta,F,2
686,Laiane,F,2
687,Ella,F,2
688,Naia,F,2
689,Biana,F,2
690,Alesia,F,2
691,Cataleia,F,2
692,Atena,F,2
693,Miguela,F,2
694,Yi,F,2
695,Élia,F,2
696,Roberta,F,2
697,Myla,F,2
698,Darlene,F,2
699,Gurneet,F,2
700,Zaira,F,2
701,Elany,F,2
702,Valquíria,F,2
703,Laureana,F,2
704,Jasleen,F,2
705,Josefina,F,2
706,Damiana,F,2
707,Reyanshi,F,2
708,Alissa,F,2
709,Nícia,F,2
710,Mía,F,2
711,Mariam,F,2
712,Alinne,F,2
713,Lilian,F,2
714,Déborah,F,2
715,Arfa,F,2
716,Iolanda,F,2
717,Dandara,F,2
718,El,F,2
719,Ayane,F,2
720,Salina,F,2
721,Elina,F,2
722,Tanveer,F,2
723,Lavinia,F,2
724,Melisa,F,2
725,Taciana,F,2
726,Miria,F,2
727,Tyara,F,2
728,Jessie,F,2
729,Diani,F,2
730,Tanishka,F,2
731,Emelly,F,2
732,Ágatha,F,2
733,Dianna,F,2
734,Ainara,F,2
735,Yonnara,F,2
736,Yonara,F,2
737,Khloe,F,2
738,Hana,F,2
739,Thaísa,F,2
740,Tayssa,F,2
741,Dayana,F,2
742,Zoë,F,2
743,Rosalina,F,2
744,Iria,F,2
745,Janete,F,2
746,Elysia,F,2
747,Nahary,F,2
748,Maysa,F,2
749,Ohana,F,2
750,Aylah,F,2
751,Elizabeth,F,2
752,Mirela,F,2
753,Costanza,F,2
754,Joanne,F,2
755,Engrácia,F,2
756,Núbia,F,2
757,Michela,F,2
758,Andria,F,2
759,Luziane,F,2
760,Estefânia,F,2
761,Ioana,F,2
762,Leena,F,2
763,Eloáh,F,2
764,Mikaela,F,2
765,Marcela,F,2
766,Yasmeen,F,2
767,Anaisa,F,2
768,Madalina,F,2
769,Sulamita,F,2
770,Liliane,F,2
771,Jael,F,2
772,Romana,F,2
773,Aryana,F,2
774,Yana,F,2
775,Kailany,F,2
776,Alda,F,2
777,Savana,F,2
778,Silvia,F,2
779,Keliane,F,2
780,Kaya,F,2
781,Luma,F,2
782,Fatimah,F,2
783,Shana,F,2
784,Daniana,F,2
785,Amélie,F,2
786,Andressa,F,2
787,Nuria,F,2
788,Syenna,F,2
789,Inaya,F,2
790,Kassandra,F,2
791,Shivani,F,2
792,Gurseerat,F,2
793,Arianne,F,2
794,Nataniela,F,2
795,Muriel,F,2
796,Gracy,F,2
797,Augusta,F,2
798,Marieta,F,2
799,Kenzie,F,2
800,Stephany,F,2
801,Anaiza,F,2
802,Denisa,F,2
803,Nayra,F,2
804,Rachel,F,2
805,Jaslyn,F,2
806,Vittoria,F,2
807,Kate,F,2
808,Manon,F,2
809,Yanni,F,2
810,Nilda,F,2
811,Geisa,F,2
812,Cayetana,F,2
813,Yong,F,2
814,Cléo,F,2
815,Quessia,F,2
816,Avril,F,2
817,Adriele,F,2
818,Brunna,F,2
819,Léana,F,2
820,Lily,F,2
821,Aliça,F,2
822,Inès,F,2
823,Ezra,F,2
824,Rosana,F,2
825,Nice,F,2
826,Bebiana,F,2
827,Zaida,F,2
828,Rayanna,F,2
829,Kauana,F,2
830,Síria,F,2
831,Lânica,F,2
832,Marie,F,2
833,Vivian,F,2
834,Nusaiba,F,2
835,Anabel,F,2
836,Layssa,F,2
837,Emili,F,2
838,Ivânia,F,2
839,Felícia,F,2
840,Loriana,F,2
841,Djamila,F,2
842,Florbela,F,2
843,Aastha,F,2
844,Nelma,F,2
845,Karolina,F,2
846,Emilia,F,2
847,Lucía,F,2
848,Ticiana,F,2
849,Jony,F,1
850,Farzona,F,1
851,Yalanna,F,1
852,Talia,F,1
853,Laia,F,1
854,Celia,F,1
855,Vinisha,F,1
856,Seline,F,1
857,Jenna-Kelly,F,1
858,Desejada,F,1
859,Lilly,F,1
860,Taissa,F,1
861,Yohanne,F,1
862,Kimika,F,1
863,Diona,F,1
864,Ayumi,F,1
865,Míriam,F,1
866,Céline,F,1
867,Lurianny,F,1
868,Layana,F,1
869,Louana,F,1
870,Álison,F,1
871,Guilhermina,F,1
872,Tasnia,F,1
873,Anastasiya,F,1
874,Adjaymara,F,1
875,Elaynne,F,1
876,Elisianne,F,1
877,Ulainy,F,1
878,Jazmine,F,1
879,Sahla,F,1
880,Mahirah,F,1
881,Terezinha,F,1
882,Djaraye,F,1
883,Ana-Gabriela,F,1
884,Lilla,F,1
885,Clotilde,F,1
886,Djairiny,F,1
887,Evoleth,F,1
888,Mélody,F,1
889,Shanzeh,F,1
890,Pranava,F,1
891,Lirys,F,1
892,Tafida,F,1
893,Ariany,F,1
894,Zahira,F,1
895,Cléomaidi,F,1
896,Zipora,F,1
897,Keliny,F,1
898,Elmira,F,1
899,Emilena,F,1
900,Ecclesia,F,1
901,Aia,F,1
902,Kaylani,F,1
903,Raíza,F,1
904,Diara,F,1
905,Raysa,F,1
906,Diane,F,1
907,Luânia,F,1
908,Areen,F,1
909,Aureliana,F,1
910,Marieva,F,1
911,Eloane,F,1
912,Yzis,F,1
913,Sharleez,F,1
914,Joanna,F,1
915,Ruby-Ann,F,1
916,Manha,F,1
917,Maisa,F,1
918,Charlie,F,1
919,Yuxin,F,1
920,Vivianne,F,1
921,Dakshyata,F,1
922,Kyria,F,1
923,Joy,F,1
924,Jeana,F,1
925,Muzdalifah,F,1
926,Kámia,F,1
927,Ameli,F,1
928,Alayah,F,1
929,Heliany,F,1
930,Orlanda,F,1
931,Navneet,F,1
932,Nandilene,F,1
933,Kaylee,F,1
934,Dayanna,F,1
935,Antonina,F,1
936,Nyama,F,1
937,Acelya,F,1
938,Belnira,F,1
939,Oisharza,F,1
940,Djasmine,F,1
941,Watula,F,1
942,Sanda,F,1
943,Líris,F,1
944,Anise,F,1
945,Sija,F,1
946,Édera,F,1
947,Mariyah,F,1
948,Hémlly,F,1
949,Lena,F,1
950,Ediane,F,1
951,Vladiana,F,1
952,Aavya,F,1
953,Wénica,F,1
954,Duanny,F,1
955,Valeria,F,1
956,Ashia,F,1
957,Dolkar,F,1
958,Khloé,F,1
959,Djesmy,F,1
960,Ariella,F,1
961,Tamires,F,1
962,Milca,F,1
963,Kélly,F,1
964,Magalie,F,1
965,Biatris,F,1
966,Gabi,F,1
967,Waylla,F,1
968,Éris,F,1
969,Ryzane,F,1
970,Namal,F,1
971,Quione,F,1
972,Ranieli,F,1
973,Ellia,F,1
974,Simranjeet,F,1
975,Aashi,F,1
976,Amabélia,F,1
977,Mayssa,F,1
978,Noara,F,1
979,Fei,F,1
980,Noely,F,1
981,Niyusha,F,1
982,Alicía,F,1
983,Helayne,F,1
984,Eliora,F,1
985,Adji,F,1
986,Saoirse,F,1
987,Luyela,F,1
988,Riva,F,1
989,Rannyah,F,1
990,Nayamee,F,1
991,Hiron,F,1
992,Catarine,F,1
993,Kika,F,1
994,Flossie,F,1
995,Aderlyn,F,1
996,Victoire,F,1
997,Claísy,F,1
998,Nira,F,1
999,Daruina,F,1
1000,Xingchen,F,1
1001,Amirabonu,F,1
1002,Hui,F,1
1003,Ivi,F,1
1004,Mihaela,F,1
1005,Siya,F,1
1006,Meri,F,1
1007,Rut,F,1
1008,Rumeyssa,F,1
1009,Mariya,F,1
1010,Cadidjatu,F,1
1011,Emanuele,F,1
1012,Ayleen,F,1
1013,Yasmmin,F,1
1014,Marine,F,1
1015,Ranía,F,1
1016,Andreea,F,1
1017,Daena,F,1
1018,Kaillany,F,1
1019,Samiyah,F,1
1020,Flaviana,F,1
1021,Osvaldina,F,1
1022,Keula,F,1
1023,Mariáh,F,1
1024,Leoneza,F,1
1025,Jailza,F,1
1026,Khelen,F,1
1027,Violetta,F,1
1028,Rozyana,F,1
1029,Nahara,F,1
1030,Eleutéria,F,1
1031,Frantceska,F,1
1032,Nalana,F,1
1033,Neve,F,1
1034,Yilin,F,1
1035,Aluna,F,1
1036,Ane,F,1
1037,Ayline,F,1
1038,Naimy,F,1
1039,Nene,F,1
1040,Helsy,F,1
1041,Milen,F,1
1042,Mirian,F,1
1043,Aissato,F,1
1044,Nassira,F,1
1045,Mariluz,F,1
1046,Lunah,F,1
1047,Prisha,F,1
1048,Veronika,F,1
1049,Sargunpreet,F,1
1050,Alix,F,1
1051,Ludy,F,1
1052,karima,F,1
1053,Darena,F,1
1054,Aahana,F,1
1055,Naomy,F,1
1056,Grishma,F,1
1057,Serenna,F,1
1058,Miryam,F,1
1059,Elizaveta,F,1
1060,Alia,F,1
1061,Morgan,F,1
1062,Djamily,F,1
1063,Lucinda,F,1
1064,Mickaela,F,1
1065,Taisia,F,1
1066,Shanaida,F,1
1067,Jamily,F,1
1068,Arisha,F,1
1069,Jesuina,F,1
1070,Jiniya,F,1
1071,Lidiana,F,1
1072,Dhriti,F,1
1073,Janvi,F,1
1074,Gopika,F,1
1075,Heliza,F,1
1076,Jodi,F,1
1077,Aarvi,F,1
1078,Iqra,F,1
1079,Orquídea,F,1
1080,Anely,F,1
1081,Erina,F,1
1082,sukhmanpreet,F,1
1083,Wenya,F,1
1084,My,F,1
1085,Shamila,F,1
1086,Nola,F,1
1087,Kesia,F,1
1088,Sama,F,1
1089,Najua,F,1
1090,Amarílis,F,1
1091,Keillany,F,1
1092,Seren,F,1
1093,Guilherme,F,1
1094,Hadja,F,1
1095,Naynara,F,1
1096,Mavy,F,1
1097,Marcelina,F,1
1098,Yindi,F,1
1099,Marjona,F,1
1100,Seliny,F,1
1101,Wanessa,F,1
1102,Darya,F,1
1103,Alae,F,1
1104,Zafirah,F,1
1105,Lesliane,F,1
1106,Joud,F,1
1107,Nika,F,1
1108,Mayanne,F,1
1109,Inka,F,1
1110,Tásia,F,1
1111,Rakaia,F,1
1112,Rana,F,1
1113,Jefrina,F,1
1114,Eludiesa,F,1
1115,Naureen,F,1
1116,kamilla,F,1
1117,Shevonne,F,1
1118,Angel,F,1
1119,Nathaniela,F,1
1120,Vyctoria,F,1
1121,Himanshi,F,1
1122,Isís,F,1
1123,Thaissa,F,1
1124,Beulah,F,1
1125,Faiza,F,1
1126,Leidiana,F,1
1127,Alaine,F,1
1128,Nuelly,F,1
1129,Aayat,F,1
1130,Alenia,F,1
1131,Amal,F,1
1132,Arlete,F,1
1133,Kloeh,F,1
1134,Fatumatta,F,1
1135,Jiale,F,1
1136,Idalina,F,1
1137,Lombe,F,1
1138,Gicyane,F,1
1139,Lissandra,F,1
1140,Marciely,F,1
1141,Minu,F,1
1142,Yasemin,F,1
1143,Hania,F,1
1144,Eduma,F,1
1145,Joia,F,1
1146,Ariziany,F,1
1147,Rayna,F,1
1148,Edite,F,1
1149,Trinity,F,1
1150,Mallu,F,1
1151,Loraynne,F,1
1152,Letizia,F,1
1153,Skyla,F,1
1154,Yanilda,F,1
1155,Stéfany,F,1
1156,Imona,F,1
1157,Daphne,F,1
1158,Stelviane,F,1
1159,kemelly,F,1
1160,Zita,F,1
1161,Lucia,F,1
1162,Layanah,F,1
1163,Janire,F,1
1164,Hasina,F,1
1165,Ansu,F,1
1166,Zarnish,F,1
1167,Sharon,F,1
1168,Dishali,F,1
1169,Belinda,F,1
1170,Khayla,F,1
1171,Djanira,F,1
1172,Deisa,F,1
1173,Céuma,F,1
1174,Lukénia,F,1
1175,Lyla,F,1
1176,Lweje,F,1
1177,Abibatu,F,1
1178,Dhaanvi,F,1
1179,Aminata,F,1
1180,Omara,F,1
1181,Chesung,F,1
1182,Nailah,F,1
1183,Nala,F,1
1184,Hyndia,F,1
1185,Saloni,F,1
1186,Selene,F,1
1187,Leyanne,F,1
1188,Gaorii,F,1
1189,Aliah,F,1
1190,Chanel,F,1
1191,Ashera,F,1
1192,Ashlley,F,1
1193,Xin,F,1
1194,Uriela,F,1
1195,Lakiesha,F,1
1196,Nadiya,F,1
1197,Lubava,F,1
1198,Naírah,F,1
1199,Caia,F,1
1200,Zainab,F,1
1201,Katelyn,F,1
1202,Amina,F,1
1203,Valenthina,F,1
1204,Yuhanna,F,1
1205,Latifah,F,1
1206,Nali,F,1
1207,Kellen,F,1
1208,Raisha,F,1
1209,Ingrid,F,1
1210,Docelina,F,1
1211,Adália,F,1
1212,Acucena,F,1
1213,Dyara,F,1
1214,Lou,F,1
1215,Evelyna,F,1
1216,Umamah,F,1
1217,Nadesi,F,1
1218,Udita,F,1
1219,Christiane,F,1
1220,Allena,F,1
1221,Hazaela,F,1
1222,Prveet,F,1
1223,Ambar,F,1
1224,Keana,F,1
1225,Hoany,F,1
1226,Viktória,F,1
1227,Sieme,F,1
1228,Marielle,F,1
1229,Ari,F,1
1230,Otchaly,F,1
1231,Liriany,F,1
1232,Thaislaine,F,1
1233,Jaiane,F,1
1234,Ashmyrah,F,1
1235,Ashree,F,1
1236,Keya,F,1
1237,Mora,F,1
1238,Malú,F,1
1239,Bridget,F,1
1240,Tabita,F,1
1241,Luanna,F,1
1242,Otchila,F,1
1243,Ticiany,F,1
1244,Pema,F,1
1245,Guntash,F,1
1246,Pillar,F,1
1247,Jamilli,F,1
1248,Maribel,F,1
1249,Yanira,F,1
1250,Fiyinfoluwa,F,1
1251,Miracle,F,1
1252,Mayla,F,1
1253,Letícea,F,1
1254,Elcênia,F,1
1255,América,F,1
1256,Skye,F,1
1257,Alyce,F,1
1258,Wen,F,1
1259,Lisbon,F,1
1260,Sia,F,1
1261,Maily,F,1
1262,Deepti,F,1
1263,Lorine,F,1
1264,Kelleny,F,1
1265,Asal,F,1
1266,Franciszka,F,1
1267,Julyan,F,1
1268,Nicoleta,F,1
1269,Élla,F,1
1270,Yazmin,F,1
1271,Hou,F,1
1272,Joselene,F,1
1273,Iryna,F,1
1274,Thamara,F,1
1275,Maida,F,1
1276,Eleanora,F,1
1277,Rayhana,F,1
1278,Chelsea,F,1
1279,Máriyah,F,1
1280,Adriana-Maria,F,1
1281,Hallanna,F,1
1282,Djenifer,F,1
1283,Salahan,F,1
1284,Eloisa,F,1
1285,Otília,F,1
1286,Amelie,F,1
1287,Zélia,F,1
1288,Weza,F,1
1289,Jandira,F,1
1290,Nidhi,F,1
1291,Leya,F,1
1292,Vianny,F,1
1293,Sherry,F,1
1294,Arisa,F,1
1295,Joaquina,F,1
1296,Cintia,F,1
1297,Miriany,F,1
1298,Ália,F,1
1299,Betty,F,1
1300,Analuz,F,1
1301,Eléonor,F,1
1302,Manuella,F,1
1303,Jacyanie,F,1
1304,Juelma,F,1
1305,Lailah,F,1
1306,Helikissa,F,1
1307,Ianira,F,1
1308,Aitana,F,1
1309,Kessya,F,1
1310,Nyah,F,1
1311,Aarbhi,F,1
1312,Taifa,F,1
1313,Jeciane,F,1
1314,Anika,F,1
1315,Nalani,F,1
1316,Abrish,F,1
1317,Eloise,F,1
1318,Ranya,F,1
1319,Nzola,F,1
1320,Wayela,F,1
1321,Ani,F,1
1322,Cliralda,F,1
1323,Angeline,F,1
1324,Emilise,F,1
1325,Rhadija,F,1
1326,Mailyne,F,1
1327,Suellen,F,1
1328,Glena,F,1
1329,Meara,F,1
1330,Levinda,F,1
1331,Philippa,F,1
1332,Jessi,F,1
1333,Raysla,F,1
1334,Nilsiane,F,1
1335,Thaifa,F,1
1336,Dilpreet,F,1
1337,Iúna,F,1
1338,Indianara,F,1
1339,Tainá,F,1
1340,Nyashia,F,1
1341,Josiany,F,1
1342,Edmara,F,1
1343,Adel,F,1
1344,Ivy,F,1
1345,Jenabo,F,1
1346,Rariane,F,1
1347,Léna,F,1
1348,Manpreet,F,1
1349,Aleeya,F,1
1350,Jasminy,F,1
1351,Jafrin,F,1
1352,Dircea,F,1
1353,Jackeline,F,1
1354,Weng,F,1
1355,Loide,F,1
1356,Kaellany,F,1
1357,Adiba,F,1
1358,Rayne,F,1
1359,Skhushana,F,1
1360,Anabelle,F,1
1361,Ketura,F,1
1362,Neidy,F,1
1363,Kaylah,F,1
1364,Chloy,F,1
1365,Safiya,F,1
1366,Jory,F,1
1367,Orida,F,1
1368,Daniella,F,1
1369,Thaynara,F,1
1370,Akira,F,1
1371,Giseyane,F,1
1372,Edianny,F,1
1373,Neliany,F,1
1374,Diliana,F,1
1375,Roselyn,F,1
1376,Gleyciane,F,1
1377,Mirina,F,1
1378,Consoldi,F,1
1379,Naír,F,1
1380,Aneliya,F,1
1381,Nico,F,1
1382,Ayisha,F,1
1383,Adamarisa,F,1
1384,Lavinha,F,1
1385,Himisha,F,1
1386,Dalva,F,1
1387,Cleonice,F,1
1388,Feral,F,1
1389,Phoebe,F,1
1390,Monica,F,1
1391,Juciara,F,1
1392,Mariyam,F,1
1393,Arminda,F,1
1394,Aran,F,1
1395,Alíssya,F,1
1396,Jaireet,F,1
1397,Caterina,F,1
1398,Japnoor,F,1
1399,Uzen,F,1
1400,Evlyn,F,1
1401,Jobayda,F,1
1402,Melodia,F,1
1403,Aryanne,F,1
1404,Jeshua,F,1
1405,Kimberly,F,1
1406,Elayne,F,1
1407,Anjana,F,1
1408,Radassa,F,1
1409,Liliam,F,1
1410,Rosalis,F,1
1411,Kely,F,1
1412,Pashupriya,F,1
1413,Mirelle,F,1
1414,Thayná,F,1
1415,Natércia,F,1
1416,Menaela,F,1
1417,Anahi,F,1
1418,Eveline,F,1
1419,Aadhira,F,1
1420,Mélissa,F,1
1421,Abida,F,1
1422,Alinny,F,1
1423,Chayene,F,1
1424,Querem,F,1
1425,Isaac,F,1
1426,Hildita,F,1
1427,Elmara,F,1
1428,Lewani,F,1
1429,Arielly,F,1
1430,Taniya,F,1
1431,Milania,F,1
1432,Clarissa,F,1
1433,Raísa,F,1
1434,Calini,F,1
1435,Harliv,F,1
1436,Louna,F,1
1437,Wassindji,F,1
1438,Yuet,F,1
1439,Aitziber,F,1
1440,Odalmis,F,1
1441,Raiyat,F,1
1442,Pretika,F,1
1443,Athena,F,1
1444,Jubaida,F,1
1445,Areesha,F,1
1446,Fanta,F,1
1447,Ízis,F,1
1448,Paôla,F,1
1449,Eiman,F,1
1450,Thayna,F,1
1451,Lucyene,F,1
1452,Emanuelle,F,1
1453,Heloisa,F,1
1454,Mayrah,F,1
1455,Tallulah,F,1
1456,Tulsi,F,1
1457,Cailane,F,1
1458,Ellayne,F,1
1459,Jensi,F,1
1460,Irinelsia,F,1
1461,Nadesda,F,1
1462,Navkirat,F,1
1463,Cyarah,F,1
1464,Yinuo,F,1
1465,Fathia,F,1
1466,Lanuri,F,1
1467,Olinda,F,1
1468,Zohra,F,1
1469,Jahyna,F,1
1470,Sahasi,F,1
1471,Ágata,F,1
1472,Djasmin,F,1
1473,Chiara,F,1
1474,Elis,F,1
1475,Mary,F,1
1476,Dounia,F,1
1477,Irtika,F,1
1478,Caroline,F,1
1479,Allyah,F,1
1480,Sabina,F,1
1481,Hamida,F,1
1482,Swasthani,F,1
1483,Lanie,F,1
1484,Mehakpreet,F,1
1485,Sabrin,F,1
1486,Brites,F,1
1487,Iliane,F,1
1488,Lucie,F,1
1489,Cascade,F,1
1490,Faizah,F,1
1491,Bhagyashri,F,1
1492,Styaneth,F,1
1493,Talin,F,1
1494,Maarisa,F,1
1495,Elcediane,F,1
1496,Rio,F,1
1497,Dafne,F,1
1498,Nely,F,1
1499,Parthia,F,1
1500,Kiame,F,1
1501,Leslie,F,1
1502,Luo,F,1
1503,Ayshane,F,1
1504,Sham,F,1
1505,Anaissa,F,1
1506,Stéfanie,F,1
1507,Melani,F,1
1508,Nawine,F,1
1509,Nywami,F,1
1510,Sândyla,F,1
1511,Dolores,F,1
1512,Ayanna,F,1
1513,Neah,F,1
1514,Kayala,F,1
1515,Loubna,F,1
1516,Wamy,F,1
1517,Moa,F,1
1518,Onyinyechi,F,1
1519,Roska,F,1
1520,Jesarela,F,1
1521,Késia,F,1
1522,Electra,F,1
1523,Má,F,1
1524,Nariane,F,1
1525,Jiya,F,1
1526,Adira,F,1
1527,Saubhagya,F,1
1528,Jordanna,F,1
1529,Catiza,F,1
1530,Hivana,F,1
1531,Aléxis,F,1
1532,Nilma,F,1
1533,Sejal,F,1
1534,Ayesha,F,1
1535,Acácia,F,1
1536,Cici,F,1
1537,Layane,F,1
1538,Ruzilina,F,1
1539,Jamélia,F,1
1540,Ismaela,F,1
1541,Joyanne,F,1
1542,Thayra,F,1
1543,Shreshta,F,1
1544,Ummehani,F,1
1545,Letycia,F,1
1546,Kaylany,F,1
1547,Pemdu,F,1
1548,Ariadne,F,1
1549,Aarusha,F,1
1550,Aris,F,1
1551,Lénira,F,1
1552,Dharmika,F,1
1553,Amaya,F,1
1554,Maila,F,1
1555,Weicy,F,1
1556,Pauleta,F,1
1557,Cláussia,F,1
1558,Anhais,F,1
1559,Nisrine,F,1
1560,Tais,F,1
1561,Warisha,F,1
1562,Katheryn,F,1
1563,Elin,F,1
1564,Constanza,F,1
1565,Ummalkhair,F,1
1566,Nayma,F,1
1567,Aileen,F,1
1568,Wenyu,F,1
1569,Édith,F,1
1570,Danaya,F,1
1571,Yaxi,F,1
1572,Aloki,F,1
1573,Naylah,F,1
1574,Ilisangéla,F,1
1575,Eleine,F,1
1576,Alaya,F,1
1577,Parneet,F,1
1578,Suria,F,1
1579,Mishka,F,1
1580,Magnólia,F,1
1581,Anne,F,1
1582,Keylla,F,1
1583,Hargun,F,1
1584,Lorenna,F,1
1585,Alica,F,1
1586,Cadidjato,F,1
1587,Nathalia,F,1
1588,Mylena,F,1
1589,Keeley,F,1
1590,Ayusha,F,1
1591,Sónisia,F,1
1592,Chiyora,F,1
1593,Iva,F,1
1594,Adela,F,1
1595,Éden,F,1
1596,Natalina,F,1
1597,Diandra,F,1
1598,Melania,F,1
1599,Amayres,F,1
1600,Lora,F,1
1601,Sisa,F,1
1602,Natchali,F,1
1603,Ianura,F,1
1604,Susan,F,1
1605,Haruna,F,1
1606,Saima,F,1
1607,Adilene,F,1
1608,Elcana,F,1
1609,Badhon,F,1
1610,Djeisse,F,1
1611,Djulia,F,1
1612,Constânça,F,1
1613,Tyana,F,1
1614,Amrit,F,1
1615,Liora,F,1
1616,Iumi,F,1
1617,Zípora,F,1
1618,Arícia,F,1
1619,Sirine,F,1
1620,Axelle,F,1
1621,Stephane,F,1
1622,Shirley,F,1
1623,Solomiya,F,1
1624,Dibya,F,1
1625,Gracilandia,F,1
1626,Khusbhu,F,1
1627,Dirce,F,1
1628,Jaavi,F,1
1629,Prapti,F,1
1630,Riyanna,F,1
1631,Joséfa,F,1
1632,Yuzlem,F,1
1633,Carmelinda,F,1
1634,Salijha,F,1
1635,Unnati,F,1
1636,Danielly,F,1
1637,Luka,F,1
1638,Eugénia,F,1
1639,Etuwine,F,1
1640,Pravani,F,1
1641,Suyen,F,1
1642,Varvara,F,1
1643,Valery,F,1
1644,Anifa,F,1
1645,Nelia,F,1
1646,Saliou,F,1
1647,Aliette,F,1
1648,Kyarah,F,1
1649,Cândida,F,1
1650,Anais,F,1
1651,Eden,F,1
1652,Abigael,F,1
1653,Thalita,F,1
1654,Cassia,F,1
1655,Bhargavi,F,1
1656,Siddhi,F,1
1657,Tafseer,F,1
1658,Constance,F,1
1659,Julnar,F,1
1660,Shukrona,F,1
1661,Didiana,F,1
1662,Larah,F,1
1663,Kiana,F,1
1664,Jordana,F,1
1665,Nusrat,F,1
1666,Márjory,F,1
1667,Emelie,F,1
1668,Nadyr,F,1
1669,Lainey,F,1
1670,Chefali,F,1
1671,Dileine,F,1
1672,Sihanna,F,1
1673,Mayma,F,1
1674,Diya,F,1
1675,Mansirat,F,1
1676,Tianna,F,1
1677,Taylania,F,1
1678,Mabel,F,1
1679,Giana,F,1
1680,Abilena,F,1
1681,Grácia,F,1
1682,Karine,F,1
1683,Jacelma,F,1
1684,Jody,F,1
1685,Yannira,F,1
1686,Ofélia,F,1
1687,Shahrizada,F,1
1688,Ruoying,F,1
1689,Anaela,F,1
1690,Isobel,F,1
1691,Kayleigh,F,1
1692,Aarushi,F,1
1693,Yeva,F,1
1694,Lexi,F,1
1695,Nasya,F,1
1696,Heloimne,F,1
1697,Meiline,F,1
1698,Agrika,F,1
1699,Nabintou,F,1
1700,Haniella,F,1
1701,Thérèse,F,1
1702,Le,F,1
1703,Kaella,F,1
1704,Yandra,F,1
1705,Thaiza,F,1
1706,Damaris,F,1
1707,Wisal,F,1
1708,Apassara,F,1
1709,Alaa,F,1
1710,Nuira,F,1
1711,Eulália,F,1
1712,Sunny,F,1
1713,Elizabete,F,1
1714,Kushali,F,1
1715,Ellie-Mai,F,1
1716,Genabú,F,1
1717,Aylin,F,1
1718,Melyssa,F,1
1719,Imren,F,1
1720,Dhyani,F,1
1721,María,F,1
1722,Liv,F,1
1723,Ilisha,F,1
1724,Carole,F,1
1725,Louise,F,1
1726,Annali,F,1
1727,Marianna,F,1
1728,Ran,F,1
1729,Lausiane,F,1
1730,Elia,F,1
1731,Thalia,F,1
1732,Éliva,F,1
1733,Falak,F,1
1734,Leonara,F,1
1735,Oyhole,F,1
1736,Khushali,F,1
1737,Inaia,F,1
1738,Nuriya,F,1
1739,Keylani,F,1
1740,Azucena,F,1
1741,Ivna,F,1
1742,Elora,F,1
1743,Miris,F,1
1744,Wanita,F,1
1745,Suasileiny,F,1
1746,Marcheline,F,1
1747,Gurnaz,F,1
1748,Eufrásia,F,1
1749,Adah,F,1
1750,Leela,F,1
1751,Mari,F,1
1752,Jeevika,F,1
1753,Aysla,F,1
1754,Edmeicy,F,1
1755,Sanbi,F,1
1756,Allisha,F,1
1757,Sehajpreet,F,1
1758,Chidinma,F,1
1759,Estera,F,1
1760,Xinyan,F,1
1761,Makaela,F,1
1762,Ezmae-Rose,F,1
1763,Preeyancy,F,1
1764,Deyna,F,1
1765,Ticiane,F,1
1766,Fleur,F,1
1767,Ayani,F,1
1768,Dhanishka,F,1
1769,Rehmat,F,1
1770,Alanna,F,1
1771,Ashna,F,1
1772,Emaly,F,1
1773,Fabrícia,F,1
1774,Neymara,F,1
1775,Jossivana,F,1
1776,Solomia,F,1
1777,Biansa,F,1
1778,Lénia,F,1
1779,Néria,F,1
1780,Ridhampreet,F,1
1781,Atalia,F,1
1782,Jaanvi,F,1
1783,June,F,1
1784,Boni,F,1
1785,Katherine,F,1
1786,Kateline,F,1
1787,Kênia,F,1
1788,Sandrine,F,1
1789,Cristele,F,1
1790,Aima,F,1
1791,Macrina,F,1
1792,Dhara,F,1
1793,Kynara,F,1
1794,Nerea,F,1
1795,Mardaia,F,1
1796,Medeea,F,1
1797,Serenella,F,1
1798,Jannie,F,1
1799,Suhana,F,1
1800,Lingel,F,1
1801,Elohim,F,1
1802,Oliciana,F,1
1803,Jucilda,F,1
1804,Loujain,F,1
1805,Eloine,F,1
1806,Lili,F,1
1807,Anastasiia,F,1
1808,khloe,F,1
1809,Savrina,F,1
1810,Edzel,F,1
1811,Nectaria,F,1
1812,Aidie,F,1
1813,Yoanna,F,1
1814,Âmbar,F,1
1815,Subera,F,1
1816,Matias,F,1
1817,Sarayma,F,1
1818,Nimrat,F,1
1819,Lilia,F,1
1820,Aniya,F,1
1821,Yásmine,F,1
1822,Douce,F,1
1823,Peace,F,1
1824,Felisberta,F,1
1825,Lorraine,F,1
1826,Deolinda,F,1
1827,Enaya,F,1
1828,Jeyza,F,1
1829,Kiene,F,1
1830,Annya,F,1
1831,Anandy,F,1
1832,Hadassah,F,1
1833,Nadja,F,1
1834,Theresa,F,1
1835,Isamara,F,1
1836,Aryanna,F,1
1837,Suzana,F,1
1838,Johnsiany,F,1
1839,Kaellyn,F,1
1840,Maryana,F,1
1841,Karoline,F,1
1842,Alanis,F,1
1843,Marvarid,F,1
1844,Casiana,F,1
1845,Lays,F,1
1846,Vénus,F,1
1847,Belém,F,1
1848,Yassmin,F,1
1849,Jayceline,F,1
1850,Léonor,F,1
1851,Fatúmata,F,1
1852,Xuan,F,1
1853,Désirée,F,1
1854,Nahery,F,1
1855,Daliana,F,1
1856,Riddhi,F,1
1857,Kiari,F,1
1858,Ineji,F,1
1859,Dhrisha,F,1
1860,Frida,F,1
1861,Sargun,F,1
1862,Nia,F,1
1863,Anabia,F,1
1864,Armanda,F,1
1865,Delise,F,1
1866,Malena,F,1
1867,Lidiane,F,1
1868,Milan,F,1
1869,Kathleen,F,1
1870,Natalie,F,1
1871,Taraa,F,1
1872,Yiting,F,1
1873,Laurene,F,1
1874,Alisha,F,1
1875,Israe,F,1
1876,Fatou,F,1
1877,Alisa,F,1
1878,Zarina,F,1
1879,Melanye,F,1
1880,Anaïs,F,1
1881,Kaviya,F,1
1882,Edumara,F,1
1883,Gurleen,F,1
1884,Izïa,F,1
1885,Miman,F,1
1886,Enya,F,1
1887,Princee,F,1
1888,Neriah,F,1
1889,Marvelous,F,1
1890,Jerelis,F,1
1891,Chayenne,F,1
1892,Aila,F,1
1893,Mariame,F,1
1894,Samarah,F,1
1895,Prioska,F,1
1896,Nayana,F,1
1897,Yanilcia,F,1
1898,Emmily,F,1
1899,Natanaela,F,1
1900,Telany,F,1
1901,Quila,F,1
1902,Gargee,F,1
1903,Aafiya,F,1
1904,Jásmine,F,1
1905,Tchissola,F,1
1906,Lweji,F,1
1907,Alejandra,F,1
1908,Eleanor,F,1
1909,Imabel,F,1
1910,íris,F,1
1911,Aiko,F,1
1912,Sivana,F,1
1913,Ananya,F,1
1914,Dalia,F,1
1915,Madelyn,F,1
1916,Aycíla,F,1
1917,Sandrina,F,1
1918,Elvi,F,1
1919,Simcha,F,1
1920,Tia,F,1
1921,Vinícia,F,1
1922,Selma,F,1
1923,Niriane,F,1
1924,Claúdia,F,1
1925,Noha,F,1
1926,Zeya,F,1
1927,Kira,F,1
1928,Victory,F,1
1929,Kazandra,F,1
1930,Olimpia,F,1
1931,Romina,F,1
1932,Tchayene,F,1
1933,Leydiana,F,1
1934,Cleidiane,F,1
1935,Ellana,F,1
1936,Hylena,F,1
1937,Nauitche,F,1
1938,Ligia,F,1
1939,Gilciane,F,1
1940,Ahlam,F,1
1941,Summer,F,1
1942,Emillie,F,1
1943,Gláucia,F,1
1944,Julie,F,1
1945,Kateryna,F,1
1946,Daira,F,1
1947,Jeannette,F,1
1948,Mehjabin,F,1
1949,Alánis,F,1
1950,Manseerat,F,1
1951,Jamila,F,1
1952,Kristina,F,1
1953,Lucymira,F,1
1954,Nydia,F,1
1955,Ley,F,1
1956,Bisman,F,1
1957,Daina,F,1
1958,Amie,F,1
1959,Nayir,F,1
1960,Domingas,F,1
1961,Anwita,F,1
1962,Loryane,F,1
1963,Ranyelle,F,1
1964,Pandora,F,1
1965,Geovana,F,1
1966,Princy,F,1
1967,Brienny,F,1
1968,Ziying,F,1
1969,Kayah,F,1
1970,Anisa,F,1
1971,Hadnna,F,1
1972,Kyra,F,1
1973,Mila-Jade,F,1
1974,Mayeli,F,1
1975,Ruthy,F,1
1976,Oluwatolamise,F,1
1977,Thaíssa,F,1
1978,Humaira,F,1
1979,Belvea,F,1
1980,Nalin,F,1
1981,Xiwen,F,1
1982,Imaculada,F,1
1983,Indie,F,1
1984,Laciara,F,1
1985,Maltide,F,1
1986,Laetitia,F,1
1987,Tazmeen,F,1
1988,Chayyliel,F,1
1989,Elisabethe,F,1
1990,Nurya,F,1
1991,Ianina,F,1
1992,Esperanza,F,1
1993,Ziai,F,1
1994,Simina,F,1
1995,Amaris,F,1
1996,Lice,F,1
1997,Blake,F,1
1998,Heidi,F,1
1999,Luanny,F,1
2000,Jociely,F,1
2001,Nilza,F,1
2002,Celine,F,1
2003,Jaqueline,F,1
2004,Sania,F,1
2005,Thainá,F,1
2006,Darcy,F,1
2007,Vanilla,F,1
2008,Aiza,F,1
2009,Alanya,F,1
2010,Jeiza,F,1
2011,Kayra,F,1
2012,Ivania,F,1
2013,Chaiene,F,1
2014,Nycole,F,1
2015,Malak,F,1
2016,Neima,F,1
2017,Bryana,F,1
2018,Yanah,F,1
2019,Tajem,F,1
2020,Penda,F,1
2021,Teya,F,1
2022,Mikiphung,F,1
2023,Ivlin,F,1
2024,Florence,F,1
2025,Djenyffer,F,1
2026,Miramar,F,1
2027,Ussulayne,F,1
2028,Edera,F,1
2029,Raiane,F,1
2030,Leili,F,1
2031,Chenxi,F,1
2032,Alyssia,F,1
2033,Tainara,F,1
2034,Hellena,F,1
2035,Shaan,F,1
2036,Tawhida,F,1
2037,Juxaline,F,1
2038,Aua,F,1
2039,Meyrine,F,1
2040,Mariela,F,1
2041,Iracema,F,1
2042,Elli,F,1
2043,Djenabu,F,1
2044,Elisângela,F,1
2045,Hélène,F,1
2046,Kwayela,F,1
2047,Marly,F,1
2048,Jannatul,F,1
2049,Cinthya,F,1
2050,Pamela,F,1
2051,Edsana,F,1
2052,Priyancy,F,1
2053,Wilma,F,1
2054,Ayaat,F,1
2055,Nelissa,F,1
2056,Simrah,F,1
2057,Suriel,F,1
2058,Áryan,F,1
2059,Krisha,F,1
2060,Paty,F,1
2061,Tissiane,F,1
2062,Kaylla,F,1
2063,Sin,F,1
2064,Kyasme,F,1
2065,Taiba,F,1
2066,Lovyusa,F,1
2067,Keren-Hapuc,F,1
2068,Aditi,F,1
2069,Dircy,F,1
2070,YANA,F,1
2071,Kaissy,F,1
2072,Tchinossole,F,1
2073,Aayushi,F,1
2074,Hermínia,F,1
2075,Sarina,F,1
2076,Tahyra,F,1
2077,Tyesha,F,1
2078,Mei,F,1
2079,Deepnoor,F,1
2080,Milla,F,1
2081,Maria-Florentina,F,1
2082,Claire,F,1
2083,Bimisha,F,1
2084,An,F,1
2085,Delilah,F,1
2086,Supreet,F,1
2087,Luara,F,1
2088,Iasmina,F,1
2089,Eila,F,1
2090,Vishakha,F,1
2091,Amuza,F,1
2092,Maryjane,F,1
2093,Lizania,F,1
2094,Zoya,F,1
2095,Aroob,F,1
2096,Hazal,F,1
2097,Nafisa,F,1
2098,Aliza,F,1
2099,Orelma,F,1
2100,Quratulain,F,1
2101,Yoana,F,1
2102,Shafiya,F,1
2103,Hang,F,1
2104,Sãozinha,F,1
2105,Chupriya,F,1
2106,Lavinya,F,1
2107,Ileana-Mary,F,1
2108,Elienai,F,1
2109,Gursharan,F,1
2110,Itiel,F,1
2111,Julcineide,F,1
2112,Raïsa,F,1
2113,Johanna,F,1
2114,Leonela,F,1
2115,Kâmi,F,1
2116,Queen,F,1
2117,Alécia,F,1
2118,Tamila,F,1
2119,Aadilah,F,1
2120,Robin,F,1
2121,Kellyne,F,1
2122,Juana,F,1
2123,Nila,F,1
2124,Emah,F,1
2125,Madaleyne,F,1
2126,Mati,F,1
2127,Guida,F,1
2128,Jussana,F,1
2129,Yavika,F,1
2130,Mohanna,F,1
2131,Elissa,F,1
2132,Xinyao,F,1
2133,Thaiba,F,1
2134,Afna,F,1
2135,Anísia,F,1
2136,Aliane,F,1
2137,Miriã,F,1
2138,Wilka,F,1
2139,Kanza,F,1
2140,Virginia,F,1
2141,Eleane,F,1
2142,Clairmi,F,1
2143,Evanilda,F,1
2144,Pushti,F,1
2145,Etienny,F,1
2146,Vitalina,F,1
2147,Lile,F,1
2148,Thandie,F,1
2149,Radyja,F,1
2150,Eliseba,F,1
2151,Sumaia,F,1
2152,Krishna,F,1
2153,Mantima,F,1
2154,Ima,F,1
2155,Simona,F,1
2156,Linnéa,F,1
2157,Rubina,F,1
2158,Youna,F,1
2159,Ilena,F,1
2160,Arianna,F,1
2161,Milenna,F,1
2162,Ayana,F,1
2163,MATILDE,F,1
2164,Etiandra,F,1
2165,Nirdha,F,1
2166,Maskura,F,1
2167,Niharika,F,1
2168,Samina,F,1
2169,Zenilda,F,1
2170,Prisma,F,1
2171,Skylar,F,1
2172,Lucília,F,1
2173,Yura,F,1
2174,Kavya,F,1
2175,Silviana,F,1
2176,Gabryella,F,1
2177,Otchally,F,1
2178,Alaia,F,1
2179,Stefanie,F,1
2180,Jamira,F,1
2181,Ruxanda,F,1
2182,Geanina,F,1
2183,Narcisa,F,1
2184,Chantal,F,1
2185,Valpuri,F,1
2186,Neide,F,1
2187,Dannyelle,F,1
2188,Priyanshi,F,1
2189,Emanuella,F,1
2190,Evelin,F,1
2191,Preciosa,F,1
2192,Emíliia,F,1
2193,Mahzabeen,F,1
2194,Ledice,F,1
2195,Nayole,F,1
2196,Thaylla,F,1
2197,Maryam,F,1
2198,Judinela,F,1
2199,Caren,F,1
2200,Clarian,F,1
2201,Suvechya,F,1
2202,Elianna,F,1
2203,Leone,F,1
2204,Klementina,F,1
2205,Chioma,F,1
2206,Úrsula,F,1
2207,Iymona,F,1
2208,Larisa,F,1
2209,Dainora,F,1
2210,Quezia,F,1
2211,Ivete,F,1
2212,Elsiane,F,1
2213,Thianna,F,1
2214,Vicky,F,1
2215,Odile,F,1
2216,Liyana,F,1
2217,Naila,F,1
2218,May,F,1
2219,Zafira,F,1
2220,Afrodith,F,1
2221,Nayr,F,1
2222,Aarohi,F,1
2223,Stefka,F,1
2224,Warassy,F,1
2225,Israela,F,1
2226,Zi,F,1
2227,Octávia,F,1
2228,Ayhnara,F,1
2229,Fabiane,F,1
2230,Lyane,F,1
2231,Ela,F,1
2232,Laíse,F,1
2233,Kadiatou,F,1
2234,Alayna,F,1
2235,Virgínia,F,1
2236,Gursirat,F,1
2237,Aizel,F,1
2238,Roopleen,F,1
2239,Azmina,F,1
2240,Brigite,F,1
2241,Liza,F,1
2242,Lila,F,1
2243,Nityashree,F,1
2244,Enaíla,F,1
2245,Janira,F,1
2246,Chandércia,F,1
2247,Evren,F,1
2248,Lumi,F,1
2249,Farnaz,F,1
2250,Nora,F,1
2251,Yarin,F,1
2252,Auzenda,F,1
2253,Haylinne,F,1
2254,Thaynná,F,1
2255,Inaaya,F,1
2256,Lícia,F,1
2257,Rand,F,1
2258,Camu,F,1
2259,Rainhasha,F,1
2260,Uomou,F,1
2261,Mallú,F,1
2262,Mahjavin,F,1
2263,Nikole,F,1
2264,Kidyami,F,1
2265,Georgete,F,1
2266,Hajra,F,1
2267,Éyanne,F,1
2268,Jesika,F,1
2269,Natalia,F,1
2270,Adora,F,1
2271,Garime,F,1
2272,Mansoon,F,1
2273,Ehma,F,1
2274,Aliseti,F,1
2275,Astrid,F,1
2276,Bhavjot,F,1
2277,Chrisdianne,F,1
2278,Ohara,F,1
2279,Yage,F,1
2280,Waline,F,1
2281,Abby,F,1
2282,Jasseerat,F,1
2283,Naima,F,1
2284,Jhuly,F,1
2285,Elícia,F,1
2286,Kandes,F,1
2287,Loredana,F,1
2288,Yulana,F,1
2289,Raelli,F,1
2290,Natenán,F,1
2291,Hadasa,F,1
2292,Maitreyee,F,1
2293,Aísha,F,1
2294,Aaribah,F,1
2295,Stacy,F,1
2296,Evali,F,1
2297,Marlise,F,1
2298,Carrem,F,1
2299,Carmela,F,1
2300,Suleima,F,1
2301,karina,F,1
2302,Aalijah,F,1
2303,Megan,F,1
2304,Zasira,F,1
2305,Ilis,F,1
2306,Assiyah,F,1
2307,Kadiatu,F,1
2308,Odilia,F,1
2309,Aroseveer,F,1
2310,Bibiana,F,1
2311,Océane,F,1
2312,Kesiah,F,1
2313,Yohana,F,1
2314,Shaina,F,1
2315,Rawanne,F,1
2316,Heidilana,F,1
2317,Niltânia,F,1
2318,Aléssia,F,1
2319,Martha,F,1
2320,Líria,F,1
2321,Caroliny,F,1
2322,Adriella,F,1
2323,Pearl,F,1
2324,Eileen,F,1
2325,Nomi,F,1
2326,Zaairah,F,1
2327,Mailly,F,1
2328,Camille,F,1
2329,Japasneet,F,1
2330,Jessiane,F,1
2331,Yummi,F,1
2332,Elainne,F,1
2333,Adriely,F,1
2334,Athália,F,1
2335,Lauryn,F,1
2336,Sthefany,F,1
2337,Anabiya,F,1
2338,Selmília,F,1
2339,Lourença,F,1
2340,Kimmy,F,1
2341,Yamy,F,1
2342,Shreya,F,1
2343,Aelis,F,1
2344,Otisha,F,1
2345,Beatrice,F,1
2346,Elisete,F,1
2347,Elisama,F,1
2348,Calina,F,1
2349,Ravneet,F,1
2350,Edyane,F,1
2351,Kehlani,F,1
2352,Sana,F,1
2353,Ayssa,F,1
2354,Preet,F,1
2355,Vanusa,F,1
2356,Gislene,F,1
2357,Milucy,F,1
2358,Wissal,F,1
2359,Clémentine,F,1
2360,Deiane,F,1
2361,Yusineth,F,1
2362,Jasline,F,1
2363,Elinaria,F,1
2364,Aninha,F,1
2365,Nayol,F,1
2366,Rhythm,F,1
2367,Charlize,F,1
2368,Khiana,F,1
2369,Micaella,F,1
2370,Eliska,F,1
2371,Xenia,F,1
2372,Dayara,F,1
2373,Alisyn,F,1
2374,Lyra,F,1
2375,Tamarta,F,1
2376,Imani,F,1
2377,Yarely,F,1
2378,Tamay,F,1
2379,Hélia,F,1
2380,Yangzom,F,1
2381,Arshvir,F,1
2382,Di,F,1
2383,Geórgia,F,1
2384,Otélia,F,1
2385,Cattleya,F,1
2386,Vívian,F,1
2387,Aryela,F,1
2388,Iman,F,1
2389,Scarlet,F,1
2390,Aarya,F,1
2391,Alyne,F,1
2392,Bani,F,1
2393,Érika,F,1
2394,Nery,F,1
2395,Hassanatosó,F,1
2396,Lindsay,F,1
2397,Ankita,F,1
2398,Leeann,F,1
2399,Ernestina,F,1
2400,Gininha,F,1
2401,Kauane,F,1
2402,Swadhi,F,1
2403,Bernardina,F,1
2404,Melana,F,1
2405,Purnima,F,1
2406,Eugenia,F,1
2407,Kaila,F,1
2408,Faroumara,F,1
2409,Priscilla,F,1
2410,Yulihanny,F,1
2411,Makayla,F,1
2412,Índia,F,1
2413,Jenna,F,1
2414,Graziela,F,1
2415,Parinaaz,F,1
2416,Laiyanne,F,1
2417,Luany,F,1
2418,Ermelinda,F,1
2419,Catherine,F,1
2420,Afra,F,1
2421,Lukeny,F,1
2422,Záia,F,1
2423,Adhele,F,1
2424,Dayany,F,1
2425,Benilde,F,1
2426,Harsirat,F,1
2427,Dristi,F,1
2428,Cidiana,F,1
2429,Liany,F,1
2430,Geiza,F,1
2431,Ekaterina,F,1
2432,Haylla,F,1
2433,Mayza,F,1
2434,Maimunatu,F,1
